,Diease_Code,Symptom_Code,Score
0,UMLS:C0020538,UMLS:C0008031,0
1,UMLS:C0020538,UMLS:C0392680,1
2,UMLS:C0020538,UMLS:C0012833,0
3,UMLS:C0020538,UMLS:C0004093,0
4,UMLS:C0020538,UMLS:C0085639,0
5,UMLS:C0020538,UMLS:C0039070,0
6,UMLS:C0020538,UMLS:C0042571,0
7,UMLS:C0020538,UMLS:C0038990,0
8,UMLS:C0020538,UMLS:C0030252,0
9,UMLS:C0020538,UMLS:C0027497,0
10,UMLS:C0020538,UMLS:C0002962,0
11,UMLS:C0020538,UMLS:C0438716,0
12,UMLS:C0011847,UMLS:C0032617,0
13,UMLS:C0011847,UMLS:C0085602,0
14,UMLS:C0011847,UMLS:C0392680,1
15,UMLS:C0011847,UMLS:C0008031,0
16,UMLS:C0011847,UMLS:C0004093,0
17,UMLS:C0011847,UMLS:C0027497,0
18,UMLS:C0011847,UMLS:C0085619,0
19,UMLS:C0011847,UMLS:C0034642,0
20,UMLS:C0011847,UMLS:C0038990,0
21,UMLS:C0011847,UMLS:C0241526,0
22,UMLS:C0011847,UMLS:C0856054,0
23,UMLS:C0011847,UMLS:C0042571,0
24,UMLS:C0011847,UMLS:C0042963,0
25,UMLS:C0011847,UMLS:C0553668,0
26,UMLS:C0011570,UMLS:C0424000,0
27,UMLS:C0011570,UMLS:C0438696,0
28,UMLS:C0011570,UMLS:C0233762,0
29,UMLS:C0011570,UMLS:C0150041,0
30,UMLS:C0011570,UMLS:C0424109,0
31,UMLS:C0011570,UMLS:C0917801,0
32,UMLS:C0011570,UMLS:C0424230,0
33,UMLS:C0011570,UMLS:C0022107,0
34,UMLS:C0011570,UMLS:C0312422,0
35,UMLS:C0011570,UMLS:C0344315,0
36,UMLS:C0011570,UMLS:C0233763,0
37,UMLS:C0011570,UMLS:C0233481,0
38,UMLS:C0011570,UMLS:C0085631,0
39,UMLS:C0011570,UMLS:C0040822,0
40,UMLS:C0011570,UMLS:C0728899,0
41,UMLS:C0011570,UMLS:C0424068,0
42,UMLS:C0011570,UMLS:C0455769,0
43,UMLS:C0011570,UMLS:C1299586,0
44,UMLS:C0011570,UMLS:C0028084,0
45,UMLS:C0011570,UMLS:C0235198,0
46,UMLS:C0011570,UMLS:C0237154,0
47,UMLS:C0010054,UMLS:C0008031,0
48,UMLS:C0010054,UMLS:C0002962,0
49,UMLS:C0010054,UMLS:C0392680,1
50,UMLS:C0010054,UMLS:C0086439,0
51,UMLS:C0010054,UMLS:C0038990,0
52,UMLS:C0010054,UMLS:C0438716,0
53,UMLS:C0010054,UMLS:C0231807,0
54,UMLS:C0010054,UMLS:C0085619,0
55,UMLS:C0010054,UMLS:C0232292,0
56,UMLS:C0032285,UMLS:C0010200,0
57,UMLS:C0032285,UMLS:C0015967,0
58,UMLS:C0032285,UMLS:C0029053,0
59,UMLS:C0032285,UMLS:C0392680,1
60,UMLS:C0032285,UMLS:C0034642,0
61,UMLS:C0032285,UMLS:C0239134,0
62,UMLS:C0032285,UMLS:C0008033,0
63,UMLS:C0032285,UMLS:C0457096,0
64,UMLS:C0032285,UMLS:C0238844,0
65,UMLS:C0032285,UMLS:C0085593,0
66,UMLS:C0032285,UMLS:C0035508,0
67,UMLS:C0032285,UMLS:C0457097,0
68,UMLS:C0032285,UMLS:C0850149,0
69,UMLS:C0032285,UMLS:C0043144,0
70,UMLS:C0032285,UMLS:C0019079,0
71,UMLS:C0032285,UMLS:C0476273,0
72,UMLS:C0032285,UMLS:C0231835,0
73,UMLS:C0032285,UMLS:C0231218,0
74,UMLS:C0032285,UMLS:C0028081,0
75,UMLS:C0018802,UMLS:C0392680,1
76,UMLS:C0018802,UMLS:C0085619,0
77,UMLS:C0018802,UMLS:C0240100,0
78,UMLS:C0018802,UMLS:C0034642,0
79,UMLS:C0018802,UMLS:C0013404,0
80,UMLS:C0018802,UMLS:C0010200,0
81,UMLS:C0018802,UMLS:C0043144,0
82,UMLS:C0038454,UMLS:C0013362,0
83,UMLS:C0038454,UMLS:C0004093,0
84,UMLS:C0038454,UMLS:C0234518,0
85,UMLS:C0038454,UMLS:C0427055,0
86,UMLS:C0038454,UMLS:C0018991,0
87,UMLS:C0038454,UMLS:C0241526,0
88,UMLS:C0038454,UMLS:C0036572,0
89,UMLS:C0038454,UMLS:C0028643,0
90,UMLS:C0004096,UMLS:C0043144,0
91,UMLS:C0004096,UMLS:C0010200,0
92,UMLS:C0004096,UMLS:C0392680,1
93,UMLS:C0004096,UMLS:C0232292,0
94,UMLS:C0004096,UMLS:C0850149,0
95,UMLS:C0004096,UMLS:C0008033,0
96,UMLS:C0004096,UMLS:C0239134,0
97,UMLS:C0004096,UMLS:C0436331,0
98,UMLS:C0004096,UMLS:C0476273,0
99,UMLS:C0027051,UMLS:C0008031,0
100,UMLS:C0027051,UMLS:C0520886,0
101,UMLS:C0027051,UMLS:C0038990,0
102,UMLS:C0027051,UMLS:C0392680,1
103,UMLS:C0027051,UMLS:C0520887,0
104,UMLS:C0027051,UMLS:C0086439,0
105,UMLS:C0027051,UMLS:C0002962,0
106,UMLS:C0027051,UMLS:C0438716,0
107,UMLS:C0027051,UMLS:C0520888,0
108,UMLS:C0027051,UMLS:C0085619,0
109,UMLS:C0027051,UMLS:C0034642,0
110,UMLS:C0027051,UMLS:C0232292,0
111,UMLS:C0027051,UMLS:C1305739,0
112,UMLS:C0027051,UMLS:C0030252,0
113,UMLS:C0027051,UMLS:C0013404,0
114,UMLS:C0027051,UMLS:C0235710,0
115,UMLS:C0027051,UMLS:C0428977,0
116,UMLS:C0027051,UMLS:C0039070,0
117,UMLS:C0020443,UMLS:C0030193,0
118,UMLS:C0020443,UMLS:C0008031,0
119,UMLS:C0020443,UMLS:C0038990,0
120,UMLS:C0020443,UMLS:C0337672,0
121,UMLS:C0020443,UMLS:C0438716,0
122,UMLS:C0020443,UMLS:C0039070,0
123,UMLS:C0020443,UMLS:C0028643,0
124,UMLS:C0020443,UMLS:C0235710,0
125,UMLS:C0020443,UMLS:C0392680,1
126,UMLS:C0020443,UMLS:C0520887,0
127,UMLS:C0020443,UMLS:C0233481,0
128,UMLS:C0020443,UMLS:C0520888,0
129,UMLS:C0020443,UMLS:C0428977,0
130,UMLS:C0020443,UMLS:C0013404,0
131,UMLS:C0021311,UMLS:C0015967,0
132,UMLS:C0021311,UMLS:C0041834,0
133,UMLS:C0021311,UMLS:C0029053,0
134,UMLS:C0021311,UMLS:C0019214,0
135,UMLS:C0021311,UMLS:C0085593,0
136,UMLS:C0021311,UMLS:C0033774,0
137,UMLS:C0021311,UMLS:C0011991,0
138,UMLS:C0021311,UMLS:C0549483,0
139,UMLS:C0021311,UMLS:C0038999,0
140,UMLS:C0021311,UMLS:C0030193,0
141,UMLS:C0021311,UMLS:C0277797,1
142,UMLS:C0021311,UMLS:C0010200,0
143,UMLS:C0042029,UMLS:C0015967,0
144,UMLS:C0042029,UMLS:C0013428,0
145,UMLS:C0042029,UMLS:C0018965,0
146,UMLS:C0042029,UMLS:C0235634,0
147,UMLS:C0042029,UMLS:C0023380,0
148,UMLS:C0042029,UMLS:C0004093,0
149,UMLS:C0042029,UMLS:C0020625,0
150,UMLS:C0042029,UMLS:C0578150,0
151,UMLS:C0042029,UMLS:C0476273,0
152,UMLS:C0042029,UMLS:C0241705,0
153,UMLS:C0042029,UMLS:C0856054,0
154,UMLS:C0042029,UMLS:C0239110,0
155,UMLS:C0002871,UMLS:C0085593,0
156,UMLS:C0002871,UMLS:C0744492,0
157,UMLS:C0002871,UMLS:C0746619,0
158,UMLS:C0002871,UMLS:C0013491,0
159,UMLS:C0002871,UMLS:C1269955,0
160,UMLS:C0002871,UMLS:C0019080,0
161,UMLS:C0002871,UMLS:C0030232,0
162,UMLS:C0002871,UMLS:C0004093,0
163,UMLS:C0002871,UMLS:C0015672,0
164,UMLS:C0002871,UMLS:C0744740,0
165,UMLS:C0002871,UMLS:C0004604,0
166,UMLS:C0002871,UMLS:C0149746,0
167,UMLS:C0002871,UMLS:C0020625,0
168,UMLS:C0002871,UMLS:C0012833,0
169,UMLS:C0002871,UMLS:C0392680,1
170,UMLS:C0002871,UMLS:C0030193,0
171,UMLS:C0002871,UMLS:C0035508,0
172,UMLS:C0002871,UMLS:C0003862,0
173,UMLS:C0002871,UMLS:C0038999,0
174,UMLS:C0002871,UMLS:C1096646,0
175,UMLS:C0024117,UMLS:C0392680,1
176,UMLS:C0024117,UMLS:C0043144,0
177,UMLS:C0024117,UMLS:C0010200,0
178,UMLS:C0024117,UMLS:C0013404,0
179,UMLS:C0024117,UMLS:C0476273,0
180,UMLS:C0024117,UMLS:C0241235,0
181,UMLS:C0024117,UMLS:C0700292,0
182,UMLS:C0024117,UMLS:C0020440,0
183,UMLS:C0024117,UMLS:C0376405,0
184,UMLS:C0024117,UMLS:C0232292,0
185,UMLS:C0497327,UMLS:C0015967,0
186,UMLS:C0497327,UMLS:C0085639,0
187,UMLS:C0497327,UMLS:C0241526,0
188,UMLS:C0497327,UMLS:C0023380,0
189,UMLS:C0497327,UMLS:C0085631,0
190,UMLS:C0497327,UMLS:C0013491,0
191,UMLS:C0497327,UMLS:C0039070,0
192,UMLS:C0497327,UMLS:C0034642,0
193,UMLS:C0497327,UMLS:C0041657,0
194,UMLS:C0497327,UMLS:C0010200,0
195,UMLS:C0497327,UMLS:C0425251,0
196,UMLS:C0497327,UMLS:C0030193,0
197,UMLS:C0497327,UMLS:C0427055,0
198,UMLS:C0497327,UMLS:C0232498,0
199,UMLS:C0497327,UMLS:C0035508,0
200,UMLS:C0497327,UMLS:C1273573,0
201,UMLS:C0497327,UMLS:C0233762,0
202,UMLS:C1565489,UMLS:C0392680,1
203,UMLS:C1565489,UMLS:C0020461,0
204,UMLS:C1565489,UMLS:C0085619,0
205,UMLS:C1565489,UMLS:C0034642,0
206,UMLS:C1565489,UMLS:C0085606,0
207,UMLS:C1565489,UMLS:C0003962,0
208,UMLS:C1565489,UMLS:C0744492,0
209,UMLS:C1565489,UMLS:C0004093,0
210,UMLS:C1565489,UMLS:C0277797,1
211,UMLS:C1565489,UMLS:C0856054,0
212,UMLS:C1565489,UMLS:C0013404,0
213,UMLS:C1565489,UMLS:C1299586,0
214,UMLS:C1565489,UMLS:C0011991,0
215,UMLS:C1565489,UMLS:C0020649,0
216,UMLS:C1565489,UMLS:C0238844,0
217,UMLS:C1565489,UMLS:C0038999,0
218,UMLS:C1565489,UMLS:C0086439,0
219,UMLS:C0009676,UMLS:C0036572,0
220,UMLS:C0009676,UMLS:C0014394,0
221,UMLS:C0009676,UMLS:C0023380,0
222,UMLS:C0009676,UMLS:C0234518,0
223,UMLS:C0009676,UMLS:C0085639,0
224,UMLS:C0009676,UMLS:C0239110,0
225,UMLS:C0009676,UMLS:C0856054,0
226,UMLS:C0009676,UMLS:C0232766,0
227,UMLS:C0009676,UMLS:C0041657,0
228,UMLS:C0009676,UMLS:C0085631,0
229,UMLS:C0009676,UMLS:C0231530,0
230,UMLS:C0009676,UMLS:C0004093,0
231,UMLS:C0009676,UMLS:C0234450,0
232,UMLS:C0009676,UMLS:C0012833,0
233,UMLS:C0009676,UMLS:C0018681,0
234,UMLS:C0009676,UMLS:C0013362,0
235,UMLS:C0009676,UMLS:C0220870,0
236,UMLS:C0009676,UMLS:C0040822,0
237,UMLS:C0009676,UMLS:C0020625,0
238,UMLS:C0009676,UMLS:C0241526,0
239,UMLS:C0029408,UMLS:C0030193,0
240,UMLS:C0029408,UMLS:C0149696,0
241,UMLS:C0029408,UMLS:C0239832,0
242,UMLS:C0029408,UMLS:C0858924,0
243,UMLS:C0029408,UMLS:C0013144,0
244,UMLS:C0029408,UMLS:C0004093,0
245,UMLS:C0029408,UMLS:C0337672,0
246,UMLS:C0029408,UMLS:C0850149,0
247,UMLS:C0029408,UMLS:C0085602,0
248,UMLS:C0029408,UMLS:C0427008,0
249,UMLS:C0029408,UMLS:C1273573,0
250,UMLS:C0020676,UMLS:C0392680,1
251,UMLS:C0020676,UMLS:C0242453,0
252,UMLS:C0020676,UMLS:C0013144,0
253,UMLS:C0020676,UMLS:C0020625,0
254,UMLS:C0020676,UMLS:C0085639,0
255,UMLS:C0020676,UMLS:C1273573,0
256,UMLS:C0020676,UMLS:C0032617,0
257,UMLS:C0020676,UMLS:C0020649,0
258,UMLS:C0020676,UMLS:C1299586,0
259,UMLS:C0020676,UMLS:C0039070,0
260,UMLS:C0020676,UMLS:C0028084,0
261,UMLS:C0020676,UMLS:C0234518,0
262,UMLS:C0020676,UMLS:C0043094,0
263,UMLS:C0020676,UMLS:C0004093,0
264,UMLS:C0020676,UMLS:C0015672,0
265,UMLS:C0020676,UMLS:C0085631,0
266,UMLS:C0020676,UMLS:C0856054,0
267,UMLS:C0020676,UMLS:C0424230,0
268,UMLS:C0020676,UMLS:C0042963,0
269,UMLS:C0020676,UMLS:C0028643,0
270,UMLS:C0020676,UMLS:C0577559,0
271,UMLS:C0700613,UMLS:C0233481,0
272,UMLS:C0700613,UMLS:C0424000,0
273,UMLS:C0700613,UMLS:C0438696,0
274,UMLS:C0700613,UMLS:C0917801,0
275,UMLS:C0700613,UMLS:C0150041,0
276,UMLS:C0700613,UMLS:C0022107,0
277,UMLS:C0700613,UMLS:C0040822,0
278,UMLS:C0700613,UMLS:C0312422,0
279,UMLS:C0700613,UMLS:C0424109,0
280,UMLS:C0700613,UMLS:C0557075,0
281,UMLS:C0700613,UMLS:C0027769,0
282,UMLS:C0700613,UMLS:C0233763,0
283,UMLS:C0700613,UMLS:C0016579,0
284,UMLS:C0700613,UMLS:C1299586,0
285,UMLS:C0700613,UMLS:C0008031,0
286,UMLS:C0700613,UMLS:C0376405,0
287,UMLS:C0700613,UMLS:C0085631,0
288,UMLS:C0700613,UMLS:C0030252,0
289,UMLS:C0700613,UMLS:C0233762,0
290,UMLS:C0700613,UMLS:C0344315,0
291,UMLS:C0700613,UMLS:C0600142,0
292,UMLS:C0700613,UMLS:C0030193,0
293,UMLS:C0700613,UMLS:C0239110,0
294,UMLS:C0700613,UMLS:C0028084,0
295,UMLS:C0006826,UMLS:C0030193,0
296,UMLS:C0006826,UMLS:C0577559,0
297,UMLS:C0006826,UMLS:C0221198,0
298,UMLS:C0006826,UMLS:C0332601,0
299,UMLS:C0006826,UMLS:C0743482,0
300,UMLS:C0006826,UMLS:C0043096,0
301,UMLS:C0006826,UMLS:C0003962,0
302,UMLS:C0006826,UMLS:C0019825,0
303,UMLS:C0006826,UMLS:C0205400,0
304,UMLS:C0006826,UMLS:C0018965,0
305,UMLS:C0001175,UMLS:C0015967,0
306,UMLS:C0001175,UMLS:C0028081,0
307,UMLS:C0001175,UMLS:C0233308,0
308,UMLS:C0001175,UMLS:C0010200,0
309,UMLS:C0001175,UMLS:C0032739,0
310,UMLS:C0001175,UMLS:C0043096,0
311,UMLS:C0001175,UMLS:C0085593,0
312,UMLS:C0001175,UMLS:C0011991,0
313,UMLS:C0001175,UMLS:C0008033,0
314,UMLS:C0001175,UMLS:C0376405,0
315,UMLS:C0001175,UMLS:C0231835,0
316,UMLS:C0001175,UMLS:C0239134,0
317,UMLS:C0001175,UMLS:C0026827,0
318,UMLS:C0001175,UMLS:C0424000,0
319,UMLS:C0007642,UMLS:C0041834,0
320,UMLS:C0007642,UMLS:C0030193,0
321,UMLS:C0007642,UMLS:C0038999,0
322,UMLS:C0007642,UMLS:C0332575,0
323,UMLS:C0007642,UMLS:C0015967,0
324,UMLS:C0007642,UMLS:C0549483,0
325,UMLS:C0007642,UMLS:C0376405,0
326,UMLS:C0007642,UMLS:C0020580,0
327,UMLS:C0007642,UMLS:C0034880,0
328,UMLS:C0007642,UMLS:C0033774,0
329,UMLS:C0007642,UMLS:C0008031,0
330,UMLS:C0007642,UMLS:C1384489,0
331,UMLS:C0007642,UMLS:C0085593,0
332,UMLS:C0007642,UMLS:C0234233,0
333,UMLS:C0017168,UMLS:C0030193,0
334,UMLS:C0017168,UMLS:C0008031,0
335,UMLS:C0017168,UMLS:C0085624,0
336,UMLS:C0017168,UMLS:C0020625,0
337,UMLS:C0017168,UMLS:C0239233,0
338,UMLS:C0017168,UMLS:C1444773,0
339,UMLS:C0017168,UMLS:C0232292,0
340,UMLS:C0017168,UMLS:C0234215,0
341,UMLS:C0017168,UMLS:C1305739,0
342,UMLS:C0017168,UMLS:C0027497,0
343,UMLS:C0017168,UMLS:C0858924,0
344,UMLS:C0017168,UMLS:C0009806,0
345,UMLS:C0017168,UMLS:C0030252,0
346,UMLS:C0017168,UMLS:C0000737,0
347,UMLS:C0017168,UMLS:C0018834,0
348,UMLS:C0017168,UMLS:C0038990,0
349,UMLS:C0017168,UMLS:C0004093,0
350,UMLS:C0036690,UMLS:C0015967,0
351,UMLS:C0036690,UMLS:C0476273,0
352,UMLS:C0036690,UMLS:C0020649,0
353,UMLS:C0036690,UMLS:C0231835,0
354,UMLS:C0036690,UMLS:C0085593,0
355,UMLS:C0036690,UMLS:C0023380,0
356,UMLS:C0036690,UMLS:C0428977,0
357,UMLS:C0036690,UMLS:C0006157,0
358,UMLS:C0036690,UMLS:C0010520,0
359,UMLS:C0036690,UMLS:C0233308,0
360,UMLS:C0036690,UMLS:C0019080,0
361,UMLS:C0036690,UMLS:C0241526,0
362,UMLS:C0036690,UMLS:C0034642,0
363,UMLS:C0036690,UMLS:C0277797,1
364,UMLS:C0149871,UMLS:C0038999,0
365,UMLS:C0149871,UMLS:C0030193,0
366,UMLS:C0149871,UMLS:C0013491,0
367,UMLS:C0149871,UMLS:C0392680,1
368,UMLS:C0149871,UMLS:C0023222,0
369,UMLS:C0149871,UMLS:C0018800,0
370,UMLS:C0149871,UMLS:C0034642,0
371,UMLS:C0149871,UMLS:C0041834,0
372,UMLS:C0149871,UMLS:C0020649,0
373,UMLS:C0149871,UMLS:C0009024,0
374,UMLS:C0149871,UMLS:C0850149,0
375,UMLS:C0149871,UMLS:C0332575,0
376,UMLS:C0011175,UMLS:C0015967,0
377,UMLS:C0011175,UMLS:C0011991,0
378,UMLS:C0011175,UMLS:C0042963,0
379,UMLS:C0011175,UMLS:C0020649,0
380,UMLS:C0011175,UMLS:C0027497,0
381,UMLS:C0011175,UMLS:C0220870,0
382,UMLS:C0011175,UMLS:C0857256,0
383,UMLS:C0011175,UMLS:C0856054,0
384,UMLS:C0011175,UMLS:C0003123,0
385,UMLS:C0011175,UMLS:C0004093,0
386,UMLS:C0011175,UMLS:C0234215,0
387,UMLS:C0011175,UMLS:C0039070,0
388,UMLS:C0011175,UMLS:C0023380,0
389,UMLS:C0011175,UMLS:C0012833,0
390,UMLS:C0011175,UMLS:C0039070,0
391,UMLS:C0027651,UMLS:C0577559,0
392,UMLS:C0027651,UMLS:C0221198,0
393,UMLS:C0027651,UMLS:C0008031,0
394,UMLS:C0027651,UMLS:C0018965,0
395,UMLS:C0027651,UMLS:C1269955,0
396,UMLS:C0027651,UMLS:C0030193,0
397,UMLS:C0027651,UMLS:C0003126,0
398,UMLS:C0027651,UMLS:C0205400,0
399,UMLS:C0027651,UMLS:C1513183,0
400,UMLS:C0027651,UMLS:C0149696,0
401,UMLS:C0027651,UMLS:C0043096,0
402,UMLS:C0027651,UMLS:C0028081,0
403,UMLS:C0027651,UMLS:C0271202,0
404,UMLS:C0027651,UMLS:C0239233,0
405,UMLS:C0027651,UMLS:C0000737,0
406,UMLS:C0027651,UMLS:C0018681,0
407,UMLS:C0034065,UMLS:C0392680,1
408,UMLS:C0034065,UMLS:C0700292,0
409,UMLS:C0034065,UMLS:C0231835,0
410,UMLS:C0034065,UMLS:C0744727,0
411,UMLS:C0034065,UMLS:C0008031,0
412,UMLS:C0034065,UMLS:C0013404,0
413,UMLS:C0034065,UMLS:C0008033,0
414,UMLS:C0034065,UMLS:C0151315,0
415,UMLS:C0034065,UMLS:C0457096,0
416,UMLS:C0034065,UMLS:C0239134,0
417,UMLS:C0034065,UMLS:C0008767,0
418,UMLS:C0034065,UMLS:C0241526,0
419,UMLS:C0034065,UMLS:C0476273,0
420,UMLS:C0034065,UMLS:C0043144,0
421,UMLS:C0034065,UMLS:C0277797,1
422,UMLS:C0034065,UMLS:C0850149,0
423,UMLS:C0014544,UMLS:C0036572,0
424,UMLS:C0014544,UMLS:C0347938,0
425,UMLS:C0014544,UMLS:C0236018,0
426,UMLS:C0014544,UMLS:C0231530,0
427,UMLS:C0014544,UMLS:C0013144,0
428,UMLS:C0014544,UMLS:C0040822,0
429,UMLS:C0014544,UMLS:C0241526,0
430,UMLS:C0014544,UMLS:C0018991,0
431,UMLS:C0014544,UMLS:C0027066,0
432,UMLS:C0014544,UMLS:C0232517,0
433,UMLS:C0014544,UMLS:C0234450,0
434,UMLS:C0014544,UMLS:C0023380,0
435,UMLS:C0014544,UMLS:C0558195,0
436,UMLS:C0878544,UMLS:C0392680,1
437,UMLS:C0878544,UMLS:C0085619,0
438,UMLS:C0878544,UMLS:C0086439,0
439,UMLS:C0878544,UMLS:C0240100,0
440,UMLS:C0878544,UMLS:C0030252,0
441,UMLS:C0878544,UMLS:C0008031,0
442,UMLS:C0878544,UMLS:C0039070,0
443,UMLS:C0878544,UMLS:C0457096,0
444,UMLS:C0878544,UMLS:C0034642,0
445,UMLS:C0878544,UMLS:C0013404,0
446,UMLS:C0878544,UMLS:C0231807,0
447,UMLS:C0878544,UMLS:C0238705,0
448,UMLS:C0878544,UMLS:C0015672,0
449,UMLS:C0878544,UMLS:C0043094,0
450,UMLS:C0878544,UMLS:C0376405,0
451,UMLS:C0022661,UMLS:C0042963,0
452,UMLS:C0022661,UMLS:C0085619,0
453,UMLS:C0022661,UMLS:C0020461,0
454,UMLS:C0022661,UMLS:C0028961,0
455,UMLS:C0022661,UMLS:C0240100,0
456,UMLS:C0022661,UMLS:C0027497,0
457,UMLS:C0022661,UMLS:C0392680,1
458,UMLS:C0022661,UMLS:C0856054,0
459,UMLS:C0022661,UMLS:C0011991,0
460,UMLS:C0022661,UMLS:C0004093,0
461,UMLS:C0022661,UMLS:C0232292,0
462,UMLS:C0022661,UMLS:C0231218,0
463,UMLS:C0022661,UMLS:C0085593,0
464,UMLS:C0022661,UMLS:C0034642,0
465,UMLS:C0022661,UMLS:C0015967,0
466,UMLS:C0022661,UMLS:C0008033,0
467,UMLS:C0022661,UMLS:C0277797,1
468,UMLS:C0022661,UMLS:C0744492,0
469,UMLS:C0022661,UMLS:C0038999,0
470,UMLS:C0022661,UMLS:C0007398,0
471,UMLS:C0022661,UMLS:C0241526,0
472,UMLS:C0022661,UMLS:C0457096,0
473,UMLS:C0007097,UMLS:C0577559,0
474,UMLS:C0007097,UMLS:C0030193,0
475,UMLS:C0007097,UMLS:C0221198,0
476,UMLS:C0007097,UMLS:C1269955,0
477,UMLS:C0007097,UMLS:C0205400,0
478,UMLS:C0007097,UMLS:C0043096,0
479,UMLS:C0007097,UMLS:C0019825,0
480,UMLS:C0007097,UMLS:C0858924,0
481,UMLS:C0007097,UMLS:C1513183,0
482,UMLS:C0007097,UMLS:C0850149,0
483,UMLS:C0007097,UMLS:C0009806,0
484,UMLS:C0007097,UMLS:C0847488,0
485,UMLS:C0007097,UMLS:C0030554,0
486,UMLS:C0007097,UMLS:C0232995,0
487,UMLS:C0007097,UMLS:C0011991,0
488,UMLS:C0007097,UMLS:C0234233,0
489,UMLS:C0007097,UMLS:C0018834,0
490,UMLS:C0007097,UMLS:C0027497,0
491,UMLS:C0007097,UMLS:C0034079,0
492,UMLS:C0019196,UMLS:C0003962,0
493,UMLS:C0019196,UMLS:C0000731,0
494,UMLS:C0019196,UMLS:C0424000,0
495,UMLS:C0019196,UMLS:C0010200,0
496,UMLS:C0019196,UMLS:C0234238,0
497,UMLS:C0019196,UMLS:C0558143,0
498,UMLS:C0019196,UMLS:C0581912,0
499,UMLS:C0019196,UMLS:C0233762,0
500,UMLS:C0019196,UMLS:C0085593,0
501,UMLS:C0019196,UMLS:C0232766,0
502,UMLS:C0019196,UMLS:C0376405,0
503,UMLS:C0085096,UMLS:C0392680,1
504,UMLS:C0085096,UMLS:C0234253,0
505,UMLS:C0085096,UMLS:C0002962,0
506,UMLS:C0085096,UMLS:C0241526,0
507,UMLS:C0085096,UMLS:C0020461,0
508,UMLS:C0085096,UMLS:C0232201,0
509,UMLS:C0085096,UMLS:C0553668,0
510,UMLS:C0085096,UMLS:C0013404,0
511,UMLS:C0085096,UMLS:C0234233,0
512,UMLS:C0085096,UMLS:C0003123,0
513,UMLS:C0085096,UMLS:C0234450,0
514,UMLS:C0033975,UMLS:C0438696,0
515,UMLS:C0033975,UMLS:C0233762,0
516,UMLS:C0033975,UMLS:C0424000,0
517,UMLS:C0033975,UMLS:C0233763,0
518,UMLS:C0033975,UMLS:C0424230,0
519,UMLS:C0033975,UMLS:C0312422,0
520,UMLS:C0033975,UMLS:C0424068,0
521,UMLS:C0033975,UMLS:C0150041,0
522,UMLS:C0033975,UMLS:C0022107,0
523,UMLS:C0033975,UMLS:C0085631,0
524,UMLS:C0033975,UMLS:C0040822,0
525,UMLS:C0033975,UMLS:C0007398,0
526,UMLS:C0033975,UMLS:C0424109,0
527,UMLS:C0033975,UMLS:C0237154,0
528,UMLS:C0033975,UMLS:C0917801,0
529,UMLS:C0033975,UMLS:C0424092,0
530,UMLS:C0033975,UMLS:C0455769,0
531,UMLS:C0033975,UMLS:C0728899,0
532,UMLS:C0033975,UMLS:C0233481,0
533,UMLS:C0033975,UMLS:C0424295,0
534,UMLS:C0033975,UMLS:C0376405,0
535,UMLS:C0033975,UMLS:C0344315,0
536,UMLS:C0033975,UMLS:C0558261,0
537,UMLS:C0033975,UMLS:C0028084,0
538,UMLS:C0033975,UMLS:C0239110,0
539,UMLS:C0020473,UMLS:C0008031,0
540,UMLS:C0020473,UMLS:C0002962,0
541,UMLS:C0020473,UMLS:C0030252,0
542,UMLS:C0020473,UMLS:C1305739,0
543,UMLS:C0020473,UMLS:C0085635,0
544,UMLS:C0020473,UMLS:C0038990,0
545,UMLS:C0020473,UMLS:C0235710,0
546,UMLS:C0020473,UMLS:C0392680,1
547,UMLS:C0020473,UMLS:C0392701,0
548,UMLS:C0020473,UMLS:C0086439,0
549,UMLS:C0020473,UMLS:C0018991,0
550,UMLS:C0020473,UMLS:C0012833,0
551,UMLS:C0005586,UMLS:C0424000,0
552,UMLS:C0005586,UMLS:C0455769,0
553,UMLS:C0005586,UMLS:C0438696,0
554,UMLS:C0005586,UMLS:C0022107,0
555,UMLS:C0005586,UMLS:C0085631,0
556,UMLS:C0005586,UMLS:C0557075,0
557,UMLS:C0005586,UMLS:C0578859,0
558,UMLS:C0005586,UMLS:C0233762,0
559,UMLS:C0005586,UMLS:C0424068,0
560,UMLS:C0005586,UMLS:C0424109,0
561,UMLS:C0005586,UMLS:C0424295,0
562,UMLS:C0005586,UMLS:C0007398,0
563,UMLS:C0005586,UMLS:C0150041,0
564,UMLS:C0005586,UMLS:C0233481,0
565,UMLS:C0005586,UMLS:C0917801,0
566,UMLS:C0005586,UMLS:C0917799,0
567,UMLS:C0005586,UMLS:C1299586,0
568,UMLS:C0005586,UMLS:C0233763,0
569,UMLS:C0005586,UMLS:C0020458,0
570,UMLS:C0005586,UMLS:C0026961,0
571,UMLS:C0005586,UMLS:C0234133,0
572,UMLS:C0005586,UMLS:C0240233,0
573,UMLS:C0005586,UMLS:C0728899,0
574,UMLS:C0005586,UMLS:C0424230,0
575,UMLS:C0005586,UMLS:C0237154,0
576,UMLS:C0005586,UMLS:C0312422,0
577,UMLS:C0005586,UMLS:C0040822,0
578,UMLS:C0005586,UMLS:C0392674,0
579,UMLS:C0028754,UMLS:C0030193,0
580,UMLS:C0028754,UMLS:C0007398,0
581,UMLS:C0028754,UMLS:C0037384,0
582,UMLS:C0028754,UMLS:C0008031,0
583,UMLS:C0028754,UMLS:C0429091,0
584,UMLS:C0028754,UMLS:C0557075,0
585,UMLS:C0028754,UMLS:C0392680,1
586,UMLS:C0028754,UMLS:C0015672,0
587,UMLS:C0028754,UMLS:C0497406,0
588,UMLS:C0028754,UMLS:C0232257,0
589,UMLS:C0028754,UMLS:C0344315,0
590,UMLS:C0028754,UMLS:C0013491,0
591,UMLS:C0022116,UMLS:C0013144,0
592,UMLS:C0022116,UMLS:C0008031,0
593,UMLS:C0022116,UMLS:C0002962,0
594,UMLS:C0022116,UMLS:C0438716,0
595,UMLS:C0022116,UMLS:C0235710,0
596,UMLS:C0022116,UMLS:C0392680,1
597,UMLS:C0022116,UMLS:C0013404,0
598,UMLS:C0022116,UMLS:C0232201,0
599,UMLS:C0022116,UMLS:C0428977,0
600,UMLS:C0022116,UMLS:C0038990,0
601,UMLS:C0022116,UMLS:C0034642,0
602,UMLS:C0022116,UMLS:C0231221,0
603,UMLS:C0022116,UMLS:C0003123,0
604,UMLS:C1623038,UMLS:C0003962,0
605,UMLS:C1623038,UMLS:C0085639,0
606,UMLS:C1623038,UMLS:C0038002,0
607,UMLS:C1623038,UMLS:C0033774,0
608,UMLS:C1623038,UMLS:C0000737,0
609,UMLS:C1623038,UMLS:C1269955,0
610,UMLS:C1623038,UMLS:C0000731,0
611,UMLS:C1623038,UMLS:C0221198,0
612,UMLS:C1623038,UMLS:C0578150,0
613,UMLS:C1623038,UMLS:C0744492,0
614,UMLS:C1623038,UMLS:C0234233,0
615,UMLS:C1623038,UMLS:C0151706,0
616,UMLS:C0015230,UMLS:C0015967,0
617,UMLS:C0015230,UMLS:C0033774,0
618,UMLS:C0015230,UMLS:C0332573,0
619,UMLS:C0015230,UMLS:C0221198,0
620,UMLS:C0015230,UMLS:C0332575,0
621,UMLS:C0015230,UMLS:C0018681,0
622,UMLS:C0015230,UMLS:C0277797,1
623,UMLS:C0015230,UMLS:C0003862,0
624,UMLS:C0015230,UMLS:C0038999,0
625,UMLS:C0015230,UMLS:C0041834,0
626,UMLS:C0015230,UMLS:C0085636,0
627,UMLS:C0015230,UMLS:C0085593,0
628,UMLS:C0015230,UMLS:C1384489,0
629,UMLS:C0015230,UMLS:C0030193,0
630,UMLS:C0015230,UMLS:C0221150,0
631,UMLS:C0005001,UMLS:C0856054,0
632,UMLS:C0005001,UMLS:C0006625,0
633,UMLS:C0005001,UMLS:C0312422,0
634,UMLS:C0005001,UMLS:C0149746,0
635,UMLS:C0005001,UMLS:C0085619,0
636,UMLS:C0005001,UMLS:C0028081,0
637,UMLS:C0005001,UMLS:C0476273,0
638,UMLS:C0005001,UMLS:C0003123,0
639,UMLS:C0005001,UMLS:C0013362,0
640,UMLS:C0022660,UMLS:C0020461,0
641,UMLS:C0022660,UMLS:C0020649,0
642,UMLS:C0022660,UMLS:C0020598,0
643,UMLS:C0022660,UMLS:C0028961,0
644,UMLS:C0022660,UMLS:C0578150,0
645,UMLS:C0022660,UMLS:C0004093,0
646,UMLS:C0022660,UMLS:C0020672,0
647,UMLS:C0022660,UMLS:C0011991,0
648,UMLS:C0022660,UMLS:C0019080,0
649,UMLS:C0022660,UMLS:C0241526,0
650,UMLS:C0026266,UMLS:C0392680,1
651,UMLS:C0026266,UMLS:C0231807,0
652,UMLS:C0026266,UMLS:C0231221,0
653,UMLS:C0026266,UMLS:C0086439,0
654,UMLS:C0026266,UMLS:C0013404,0
655,UMLS:C0026266,UMLS:C0039070,0
656,UMLS:C0026266,UMLS:C0205400,0
657,UMLS:C0026266,UMLS:C0238705,0
658,UMLS:C0026266,UMLS:C0030252,0
659,UMLS:C0026266,UMLS:C0015672,0
660,UMLS:C0026266,UMLS:C0042963,0
661,UMLS:C0026266,UMLS:C0030193,0
662,UMLS:C0026266,UMLS:C0018800,0
663,UMLS:C0026266,UMLS:C0235710,0
664,UMLS:C0003864,UMLS:C0030193,0
665,UMLS:C0003864,UMLS:C0578150,0
666,UMLS:C0003864,UMLS:C0917801,0
667,UMLS:C0003864,UMLS:C0004093,0
668,UMLS:C0003864,UMLS:C0039070,0
669,UMLS:C0003864,UMLS:C0038999,0
670,UMLS:C0003864,UMLS:C0741302,0
671,UMLS:C0003864,UMLS:C0427108,0
672,UMLS:C0003864,UMLS:C0392680,1
673,UMLS:C0003864,UMLS:C0000731,0
674,UMLS:C0006277,UMLS:C0010200,0
675,UMLS:C0006277,UMLS:C0043144,0
676,UMLS:C0006277,UMLS:C0392680,1
677,UMLS:C0006277,UMLS:C0232292,0
678,UMLS:C0006277,UMLS:C0015967,0
679,UMLS:C0006277,UMLS:C0242429,0
680,UMLS:C0006277,UMLS:C0239134,0
681,UMLS:C0006277,UMLS:C0019214,0
682,UMLS:C0006277,UMLS:C0028081,0
683,UMLS:C0006277,UMLS:C0019079,0
684,UMLS:C0006277,UMLS:C0553668,0
685,UMLS:C0006277,UMLS:C1260880,0
686,UMLS:C0006277,UMLS:C0239133,0
687,UMLS:C0006277,UMLS:C0013404,0
688,UMLS:C0006277,UMLS:C0085593,0
689,UMLS:C0006277,UMLS:C0038450,0
690,UMLS:C0006277,UMLS:C0043096,0
691,UMLS:C0018989,UMLS:C0013362,0
692,UMLS:C0018989,UMLS:C0030552,0
693,UMLS:C0018989,UMLS:C0004093,0
694,UMLS:C0018989,UMLS:C0221470,0
695,UMLS:C0018989,UMLS:C0036572,0
696,UMLS:C0018989,UMLS:C0234518,0
697,UMLS:C0018989,UMLS:C0751495,0
698,UMLS:C0018989,UMLS:C0018991,0
699,UMLS:C0018989,UMLS:C0423571,0
700,UMLS:C0018989,UMLS:C0241526,0
701,UMLS:C0018989,UMLS:C0085628,0
702,UMLS:C0018989,UMLS:C0013144,0
703,UMLS:C0018989,UMLS:C0231890,0
704,UMLS:C0018989,UMLS:C0271276,0
705,UMLS:C0018989,UMLS:C0677500,0
706,UMLS:C0018989,UMLS:C0522224,0
707,UMLS:C0018989,UMLS:C0009024,0
708,UMLS:C0018989,UMLS:C0427055,0
709,UMLS:C0029456,UMLS:C0242453,0
710,UMLS:C0029456,UMLS:C0085639,0
711,UMLS:C0029456,UMLS:C0019572,0
712,UMLS:C0029456,UMLS:C0558361,0
713,UMLS:C0029456,UMLS:C0000731,0
714,UMLS:C0029456,UMLS:C0042571,0
715,UMLS:C0029456,UMLS:C0239832,0
716,UMLS:C0029456,UMLS:C0233565,0
717,UMLS:C0029456,UMLS:C0030193,0
718,UMLS:C0029456,UMLS:C0039070,0
719,UMLS:C0029456,UMLS:C0848168,0
720,UMLS:C0029456,UMLS:C0277797,1
721,UMLS:C0029456,UMLS:C0150045,0
722,UMLS:C0029456,UMLS:C0220870,0
723,UMLS:C0007787,UMLS:C0234518,0
724,UMLS:C0007787,UMLS:C0013362,0
725,UMLS:C0007787,UMLS:C0427055,0
726,UMLS:C0007787,UMLS:C0004093,0
727,UMLS:C0007787,UMLS:C0151315,0
728,UMLS:C0007787,UMLS:C0042571,0
729,UMLS:C0007787,UMLS:C0028643,0
730,UMLS:C0007787,UMLS:C0220870,0
731,UMLS:C0007787,UMLS:C0234133,0
732,UMLS:C0007787,UMLS:C0271276,0
733,UMLS:C0007787,UMLS:C0344232,0
734,UMLS:C0007787,UMLS:C0018681,0
735,UMLS:C0007787,UMLS:C0848277,0
736,UMLS:C0007787,UMLS:C0039070,0
737,UMLS:C0007787,UMLS:C1299586,0
738,UMLS:C0007787,UMLS:C0423982,0
739,UMLS:C0007787,UMLS:C0233844,0
740,UMLS:C0001418,UMLS:C0577559,0
741,UMLS:C0001418,UMLS:C0221198,0
742,UMLS:C0001418,UMLS:C0043096,0
743,UMLS:C0001418,UMLS:C0009806,0
744,UMLS:C0001418,UMLS:C0231890,0
745,UMLS:C0001418,UMLS:C0278014,0
746,UMLS:C0001418,UMLS:C0239233,0
747,UMLS:C0001418,UMLS:C0018932,0
748,UMLS:C0001418,UMLS:C0231872,0
749,UMLS:C0001418,UMLS:C0030193,0
750,UMLS:C0001418,UMLS:C0008767,0
751,UMLS:C0001418,UMLS:C0000737,0
752,UMLS:C1456784,UMLS:C0233762,0
753,UMLS:C1456784,UMLS:C0233763,0
754,UMLS:C1456784,UMLS:C0085631,0
755,UMLS:C1456784,UMLS:C0022107,0
756,UMLS:C1456784,UMLS:C0424068,0
757,UMLS:C1456784,UMLS:C0424000,0
758,UMLS:C1456784,UMLS:C0438696,0
759,UMLS:C1456784,UMLS:C0558261,0
760,UMLS:C1456784,UMLS:C0233647,0
761,UMLS:C1456784,UMLS:C0237154,0
762,UMLS:C1456784,UMLS:C0455769,0
763,UMLS:C1456784,UMLS:C0344315,0
764,UMLS:C1456784,UMLS:C0231187,0
765,UMLS:C1456784,UMLS:C0008767,0
766,UMLS:C1456784,UMLS:C0312422,0
767,UMLS:C1456784,UMLS:C0240233,0
768,UMLS:C0030305,UMLS:C0042963,0
769,UMLS:C0030305,UMLS:C0000737,0
770,UMLS:C0030305,UMLS:C0027497,0
771,UMLS:C0030305,UMLS:C0030193,0
772,UMLS:C0030305,UMLS:C0011991,0
773,UMLS:C0030305,UMLS:C0241252,0
774,UMLS:C0030305,UMLS:C0424790,0
775,UMLS:C0030305,UMLS:C0277797,1
776,UMLS:C0030305,UMLS:C0234233,0
777,UMLS:C0021167,UMLS:C0221166,0
778,UMLS:C0021167,UMLS:C0036572,0
779,UMLS:C0021167,UMLS:C0004093,0
780,UMLS:C0021167,UMLS:C0150045,0
781,UMLS:C0021167,UMLS:C0041657,0
782,UMLS:C0021167,UMLS:C0236018,0
783,UMLS:C0021167,UMLS:C0554980,0
784,UMLS:C0021167,UMLS:C0877040,0
785,UMLS:C0021167,UMLS:C0040822,0
786,UMLS:C0021167,UMLS:C0037763,0
787,UMLS:C0021167,UMLS:C0847488,0
788,UMLS:C0021167,UMLS:C0039070,0
789,UMLS:C0021167,UMLS:C0085639,0
790,UMLS:C0021167,UMLS:C0427008,0
791,UMLS:C0021167,UMLS:C0241526,0
792,UMLS:C0013405,UMLS:C0085619,0
793,UMLS:C0013405,UMLS:C0392680,1
794,UMLS:C0013405,UMLS:C0231807,0
795,UMLS:C0013405,UMLS:C0240100,0
796,UMLS:C0013405,UMLS:C0034642,0
797,UMLS:C0013405,UMLS:C0008031,0
798,UMLS:C0013405,UMLS:C0030252,0
799,UMLS:C0013405,UMLS:C0038990,0
800,UMLS:C0013405,UMLS:C0043094,0
801,UMLS:C0013405,UMLS:C0010200,0
802,UMLS:C0013405,UMLS:C0013404,0
803,UMLS:C0019270,UMLS:C0000737,0
804,UMLS:C0019270,UMLS:C0030193,0
805,UMLS:C0019270,UMLS:C0020578,0
806,UMLS:C0019270,UMLS:C0278141,0
807,UMLS:C0019270,UMLS:C0016927,0
808,UMLS:C0019270,UMLS:C0027497,0
809,UMLS:C0019270,UMLS:C0872410,0
810,UMLS:C0019270,UMLS:C0018991,0
811,UMLS:C0019270,UMLS:C0234233,0
812,UMLS:C0019270,UMLS:C0019080,0
813,UMLS:C0019270,UMLS:C0277797,1
814,UMLS:C0019270,UMLS:C0149696,0
815,UMLS:C0019270,UMLS:C0277899,0
816,UMLS:C0019270,UMLS:C0004093,0
817,UMLS:C0019270,UMLS:C0577559,0
818,UMLS:C0019270,UMLS:C0205400,0
819,UMLS:C0376358,UMLS:C0018965,0
820,UMLS:C0376358,UMLS:C0392699,0
821,UMLS:C0376358,UMLS:C0004093,0
822,UMLS:C0376358,UMLS:C0521516,0
823,UMLS:C0376358,UMLS:C0848621,0
824,UMLS:C0376358,UMLS:C0008033,0
825,UMLS:C0376358,UMLS:C0744492,0
826,UMLS:C0376358,UMLS:C0034642,0
827,UMLS:C0376358,UMLS:C0238844,0
828,UMLS:C0376358,UMLS:C0150045,0
829,UMLS:C0376358,UMLS:C0013428,0
830,UMLS:C0376358,UMLS:C0011991,0
831,UMLS:C0376358,UMLS:C0042571,0
832,UMLS:C0376358,UMLS:C0151878,0
833,UMLS:C0376358,UMLS:C0004134,0
834,UMLS:C0376358,UMLS:C0030552,0
835,UMLS:C0376358,UMLS:C0271202,0
836,UMLS:C0376358,UMLS:C1269955,0
837,UMLS:C0376358,UMLS:C0578150,0
838,UMLS:C0376358,UMLS:C0577559,0
839,UMLS:C0376358,UMLS:C0035508,0
840,UMLS:C0376358,UMLS:C0149746,0
841,UMLS:C0376358,UMLS:C0043096,0
842,UMLS:C0034063,UMLS:C0085606,0
843,UMLS:C0034063,UMLS:C0392680,1
844,UMLS:C0034063,UMLS:C0034642,0
845,UMLS:C0034063,UMLS:C0231835,0
846,UMLS:C0034063,UMLS:C0085619,0
847,UMLS:C0034063,UMLS:C0018862,0
848,UMLS:C0034063,UMLS:C0240100,0
849,UMLS:C0034063,UMLS:C0013404,0
850,UMLS:C0034063,UMLS:C0038990,0
851,UMLS:C0034063,UMLS:C0376405,0
852,UMLS:C0034063,UMLS:C0235710,0
853,UMLS:C0034063,UMLS:C0020461,0
854,UMLS:C0034063,UMLS:C0232201,0
855,UMLS:C0034063,UMLS:C0008031,0
856,UMLS:C0034063,UMLS:C0020649,0
857,UMLS:C0034063,UMLS:C0043144,0
858,UMLS:C0024228,UMLS:C0030193,0
859,UMLS:C0024228,UMLS:C0577559,0
860,UMLS:C0024228,UMLS:C0028081,0
861,UMLS:C0024228,UMLS:C0038002,0
862,UMLS:C0024228,UMLS:C0221198,0
863,UMLS:C0024228,UMLS:C0085593,0
864,UMLS:C0024228,UMLS:C0043096,0
865,UMLS:C0024228,UMLS:C0038999,0
866,UMLS:C0024228,UMLS:C0015967,0
867,UMLS:C0024228,UMLS:C0034880,0
868,UMLS:C0024228,UMLS:C0231890,0
869,UMLS:C0024228,UMLS:C0850149,0
870,UMLS:C0024228,UMLS:C0231872,0
871,UMLS:C0024228,UMLS:C0332575,0
872,UMLS:C0024228,UMLS:C0019209,0
873,UMLS:C0024228,UMLS:C0015672,0
874,UMLS:C0003507,UMLS:C0231807,0
875,UMLS:C0003507,UMLS:C0039070,0
876,UMLS:C0003507,UMLS:C0235710,0
877,UMLS:C0003507,UMLS:C0232257,0
878,UMLS:C0003507,UMLS:C0036396,0
879,UMLS:C0003507,UMLS:C0002962,0
880,UMLS:C0003507,UMLS:C0008031,0
881,UMLS:C0003507,UMLS:C0577979,0
882,UMLS:C0003507,UMLS:C0428977,0
883,UMLS:C0003507,UMLS:C0392680,1
884,UMLS:C0003507,UMLS:C0030193,0
885,UMLS:C0006142,UMLS:C0024103,0
886,UMLS:C0006142,UMLS:C0577559,0
887,UMLS:C0006142,UMLS:C0030554,0
888,UMLS:C0006142,UMLS:C0277845,0
889,UMLS:C0006142,UMLS:C0041834,0
890,UMLS:C0006142,UMLS:C1299586,0
891,UMLS:C0006142,UMLS:C0221198,0
892,UMLS:C0006142,UMLS:C0239301,0
893,UMLS:C0006142,UMLS:C0085624,0
894,UMLS:C0006142,UMLS:C0013404,0
895,UMLS:C0006142,UMLS:C0038999,0
896,UMLS:C0006142,UMLS:C0016579,0
897,UMLS:C0036341,UMLS:C0233762,0
898,UMLS:C0036341,UMLS:C0751229,0
899,UMLS:C0036341,UMLS:C0022107,0
900,UMLS:C0036341,UMLS:C0424068,0
901,UMLS:C0036341,UMLS:C0376405,0
902,UMLS:C0036341,UMLS:C0085631,0
903,UMLS:C0036341,UMLS:C0438696,0
904,UMLS:C0036341,UMLS:C0233481,0
905,UMLS:C0036341,UMLS:C0233763,0
906,UMLS:C0036341,UMLS:C0041667,0
907,UMLS:C0036341,UMLS:C0237154,0
908,UMLS:C0012813,UMLS:C0000737,0
909,UMLS:C0012813,UMLS:C0549483,0
910,UMLS:C0012813,UMLS:C0541911,0
911,UMLS:C0012813,UMLS:C0857199,0
912,UMLS:C0012813,UMLS:C0011991,0
913,UMLS:C0012813,UMLS:C0234233,0
914,UMLS:C0012813,UMLS:C0013428,0
915,UMLS:C0012813,UMLS:C0030193,0
916,UMLS:C0012813,UMLS:C0042963,0
917,UMLS:C0012813,UMLS:C0232201,0
918,UMLS:C0012813,UMLS:C0232488,0
919,UMLS:C0012813,UMLS:C0277797,1
920,UMLS:C0012813,UMLS:C0232498,0
921,UMLS:C0012813,UMLS:C0015967,0
922,UMLS:C0012813,UMLS:C1273573,0
923,UMLS:C0012813,UMLS:C0205400,0
924,UMLS:C0012813,UMLS:C0085606,0
925,UMLS:C0012813,UMLS:C0003123,0
926,UMLS:C0012813,UMLS:C0746619,0
927,UMLS:C0012813,UMLS:C0009806,0
928,UMLS:C0546817,UMLS:C0034642,0
929,UMLS:C0546817,UMLS:C0240100,0
930,UMLS:C0546817,UMLS:C0020461,0
931,UMLS:C0546817,UMLS:C0085619,0
932,UMLS:C0546817,UMLS:C0392680,1
933,UMLS:C0546817,UMLS:C0013144,0
934,UMLS:C0546817,UMLS:C0043094,0
935,UMLS:C0546817,UMLS:C0020621,0
936,UMLS:C0546817,UMLS:C0020649,0
937,UMLS:C0546817,UMLS:C0038999,0
938,UMLS:C0546817,UMLS:C0000731,0
939,UMLS:C0030920,UMLS:C0000737,0
940,UMLS:C0030920,UMLS:C0221166,0
941,UMLS:C0030920,UMLS:C0027497,0
942,UMLS:C0030920,UMLS:C0042963,0
943,UMLS:C0030920,UMLS:C0521516,0
944,UMLS:C0030920,UMLS:C0848168,0
945,UMLS:C0030920,UMLS:C0008031,0
946,UMLS:C0030920,UMLS:C0018991,0
947,UMLS:C0030920,UMLS:C0232517,0
948,UMLS:C0030920,UMLS:C0020175,0
949,UMLS:C0030920,UMLS:C0277797,1
950,UMLS:C0030920,UMLS:C0027769,0
951,UMLS:C0029443,UMLS:C0030193,0
952,UMLS:C0029443,UMLS:C0332575,0
953,UMLS:C0029443,UMLS:C0240813,0
954,UMLS:C0029443,UMLS:C0015967,0
955,UMLS:C0029443,UMLS:C0241705,0
956,UMLS:C0029443,UMLS:C0234233,0
957,UMLS:C0029443,UMLS:C0038999,0
958,UMLS:C0029443,UMLS:C0277797,1
959,UMLS:C0029443,UMLS:C0041834,0
960,UMLS:C0029443,UMLS:C0549483,0
961,UMLS:C0029443,UMLS:C0016512,0
962,UMLS:C0029443,UMLS:C0152032,0
963,UMLS:C0017152,UMLS:C0744740,0
964,UMLS:C0017152,UMLS:C0000737,0
965,UMLS:C0017152,UMLS:C0042963,0
966,UMLS:C0017152,UMLS:C0281825,0
967,UMLS:C0017152,UMLS:C0027497,0
968,UMLS:C0017152,UMLS:C0728899,0
969,UMLS:C0017152,UMLS:C0019080,0
970,UMLS:C0017152,UMLS:C0744492,0
971,UMLS:C0017152,UMLS:C0030193,0
972,UMLS:C0017152,UMLS:C0043096,0
973,UMLS:C0017152,UMLS:C0234233,0
974,UMLS:C0017152,UMLS:C0012833,0
975,UMLS:C0004610,UMLS:C0015967,0
976,UMLS:C0004610,UMLS:C0085593,0
977,UMLS:C0004610,UMLS:C0016382,0
978,UMLS:C0004610,UMLS:C0241526,0
979,UMLS:C0004610,UMLS:C0085632,0
980,UMLS:C0004610,UMLS:C1313921,0
981,UMLS:C0004610,UMLS:C0042963,0
982,UMLS:C0004610,UMLS:C0000731,0
983,UMLS:C0004610,UMLS:C0239981,0
984,UMLS:C0004610,UMLS:C0241157,0
985,UMLS:C0004610,UMLS:C0242453,0
986,UMLS:C0004610,UMLS:C0011991,0
987,UMLS:C0004610,UMLS:C0232498,0
988,UMLS:C0004610,UMLS:C0008033,0
989,UMLS:C0004610,UMLS:C0029053,0
990,UMLS:C0004610,UMLS:C0030232,0
991,UMLS:C0035078,UMLS:C0085619,0
992,UMLS:C0035078,UMLS:C0028961,0
993,UMLS:C0035078,UMLS:C0232854,0
994,UMLS:C0035078,UMLS:C0277794,0
995,UMLS:C0035078,UMLS:C0241526,0
996,UMLS:C0035078,UMLS:C0020649,0
997,UMLS:C0035078,UMLS:C0014394,0
998,UMLS:C0035078,UMLS:C0392680,1
999,UMLS:C0035078,UMLS:C0019080,0
1000,UMLS:C0035078,UMLS:C0242453,0
1001,UMLS:C0035078,UMLS:C0442739,0
1002,UMLS:C0035078,UMLS:C0425251,0
1003,UMLS:C0035078,UMLS:C0015672,0
1004,UMLS:C0002895,UMLS:C1135120,0
1005,UMLS:C0002895,UMLS:C0004604,0
1006,UMLS:C0002895,UMLS:C0030193,0
1007,UMLS:C0002895,UMLS:C0392680,1
1008,UMLS:C0002895,UMLS:C1260880,0
1009,UMLS:C0002895,UMLS:C0008031,0
1010,UMLS:C0002895,UMLS:C0000737,0
1011,UMLS:C0002895,UMLS:C0019214,0
1012,UMLS:C0002895,UMLS:C0457097,0
1013,UMLS:C0002895,UMLS:C0277797,1
1014,UMLS:C0002895,UMLS:C0018681,0
1015,UMLS:C0018801,UMLS:C0085619,0
1016,UMLS:C0018801,UMLS:C0015672,0
1017,UMLS:C0018801,UMLS:C0231807,0
1018,UMLS:C0018801,UMLS:C0013404,0
1019,UMLS:C0018801,UMLS:C0392680,1
1020,UMLS:C0018801,UMLS:C0232258,0
1021,UMLS:C0018801,UMLS:C0240100,0
1022,UMLS:C0018801,UMLS:C0694547,0
1023,UMLS:C0018801,UMLS:C0020649,0
1024,UMLS:C0018801,UMLS:C0002962,0
1025,UMLS:C0018801,UMLS:C0086439,0
1026,UMLS:C0041912,UMLS:C0010200,0
1027,UMLS:C0041912,UMLS:C0242429,0
1028,UMLS:C0041912,UMLS:C0043144,0
1029,UMLS:C0041912,UMLS:C0392680,1
1030,UMLS:C0041912,UMLS:C0553668,0
1031,UMLS:C0041912,UMLS:C0015967,0
1032,UMLS:C0041912,UMLS:C0848340,0
1033,UMLS:C0041912,UMLS:C0850149,0
1034,UMLS:C0041912,UMLS:C1260880,0
1035,UMLS:C0041912,UMLS:C0085632,0
1036,UMLS:C0041912,UMLS:C0231872,0
1037,UMLS:C0041912,UMLS:C0234866,0
1038,UMLS:C0041912,UMLS:C0521516,0
1039,UMLS:C0041912,UMLS:C0008033,0
1040,UMLS:C0041912,UMLS:C0028081,0
1041,UMLS:C0041912,UMLS:C0013404,0
1042,UMLS:C0041912,UMLS:C0239134,0
1043,UMLS:C0041912,UMLS:C0029053,0
1044,UMLS:C0041912,UMLS:C0035508,0
1045,UMLS:C0041912,UMLS:C0425488,0
1046,UMLS:C0041912,UMLS:C0277797,1
1047,UMLS:C0041912,UMLS:C0237304,0
1048,UMLS:C0041912,UMLS:C0264273,0
1049,UMLS:C0041912,UMLS:C0743482,0
1050,UMLS:C0041912,UMLS:C0871754,0
1051,UMLS:C0041912,UMLS:C1511606,0
1052,UMLS:C0041912,UMLS:C0436331,0
1053,UMLS:C0041912,UMLS:C0578150,0
1054,UMLS:C0019158,UMLS:C0003962,0
1055,UMLS:C0019158,UMLS:C0233308,0
1056,UMLS:C0019158,UMLS:C0231835,0
1057,UMLS:C0019158,UMLS:C0000737,0
1058,UMLS:C0019158,UMLS:C0033774,0
1059,UMLS:C0019158,UMLS:C0003123,0
1060,UMLS:C0019158,UMLS:C1096646,0
1061,UMLS:C0019158,UMLS:C0221151,0
1062,UMLS:C0019158,UMLS:C0085593,0
1063,UMLS:C0019158,UMLS:C0476273,0
1064,UMLS:C0019158,UMLS:C0015967,0
1065,UMLS:C0019158,UMLS:C0042963,0
1066,UMLS:C0020542,UMLS:C0392680,1
1067,UMLS:C0020542,UMLS:C0271276,0
1068,UMLS:C0020542,UMLS:C0581911,0
1069,UMLS:C0020542,UMLS:C0238844,0
1070,UMLS:C0020542,UMLS:C0151315,0
1071,UMLS:C0020542,UMLS:C0231807,0
1072,UMLS:C0020542,UMLS:C0010520,0
1073,UMLS:C0020542,UMLS:C0020649,0
1074,UMLS:C0020542,UMLS:C0238705,0
1075,UMLS:C0011168,UMLS:C0030554,0
1076,UMLS:C0011168,UMLS:C0231690,0
1077,UMLS:C0011168,UMLS:C0013362,0
1078,UMLS:C0011168,UMLS:C0221150,0
1079,UMLS:C0011168,UMLS:C0019825,0
1080,UMLS:C0011168,UMLS:C0038450,0
1081,UMLS:C0011168,UMLS:C0037763,0
1082,UMLS:C0011168,UMLS:C0004093,0
1083,UMLS:C0011168,UMLS:C0234979,0
1084,UMLS:C0011168,UMLS:C0004134,0
1085,UMLS:C0011168,UMLS:C1321756,0
1086,UMLS:C0011168,UMLS:C0043096,0
1087,UMLS:C0011168,UMLS:C0427008,0
1088,UMLS:C0011168,UMLS:C0221198,0
1089,UMLS:C0011168,UMLS:C0748706,0
1090,UMLS:C0018099,UMLS:C0600142,0
1091,UMLS:C0018099,UMLS:C0030193,0
1092,UMLS:C0018099,UMLS:C0332575,0
1093,UMLS:C0018099,UMLS:C0038999,0
1094,UMLS:C0018099,UMLS:C0041834,0
1095,UMLS:C0018099,UMLS:C0743482,0
1096,UMLS:C0018099,UMLS:C0234233,0
1097,UMLS:C0018099,UMLS:C0086439,0
1098,UMLS:C0018099,UMLS:C0003962,0
1099,UMLS:C0018099,UMLS:C0376405,0
1100,UMLS:C0040034,UMLS:C0013491,0
1101,UMLS:C0040034,UMLS:C0085702,0
1102,UMLS:C0040034,UMLS:C0032781,0
1103,UMLS:C0040034,UMLS:C0019080,0
1104,UMLS:C0040034,UMLS:C0231835,0
1105,UMLS:C0040034,UMLS:C0015967,0
1106,UMLS:C0040034,UMLS:C0033774,0
1107,UMLS:C0040034,UMLS:C0020649,0
1108,UMLS:C0040034,UMLS:C0015672,0
1109,UMLS:C0020615,UMLS:C0241526,0
1110,UMLS:C0020615,UMLS:C0020672,0
1111,UMLS:C0020615,UMLS:C0542044,0
1112,UMLS:C0020615,UMLS:C0151878,0
1113,UMLS:C0020615,UMLS:C0311395,0
1114,UMLS:C0020615,UMLS:C0041657,0
1115,UMLS:C0020615,UMLS:C0392162,0
1116,UMLS:C0020615,UMLS:C0032617,0
1117,UMLS:C0020615,UMLS:C0476273,0
1118,UMLS:C0020615,UMLS:C0020649,0
1119,UMLS:C0032290,UMLS:C0264576,0
1120,UMLS:C0032290,UMLS:C0015967,0
1121,UMLS:C0032290,UMLS:C0009024,0
1122,UMLS:C0032290,UMLS:C0856054,0
1123,UMLS:C0032290,UMLS:C0029053,0
1124,UMLS:C0032290,UMLS:C0241526,0
1125,UMLS:C0032290,UMLS:C0277794,0
1126,UMLS:C0032290,UMLS:C0085628,0
1127,UMLS:C0032290,UMLS:C0036572,0
1128,UMLS:C0032290,UMLS:C1096646,0
1129,UMLS:C0032290,UMLS:C0018991,0
1130,UMLS:C0032290,UMLS:C0010200,0
1131,UMLS:C0032290,UMLS:C0232517,0
1132,UMLS:C0032290,UMLS:C0030193,0
1133,UMLS:C0032290,UMLS:C0011991,0
1134,UMLS:C0032290,UMLS:C0000737,0
1135,UMLS:C0009319,UMLS:C0015967,0
1136,UMLS:C0009319,UMLS:C0205400,0
1137,UMLS:C0009319,UMLS:C0457097,0
1138,UMLS:C0009319,UMLS:C0042963,0
1139,UMLS:C0009319,UMLS:C0027498,0
1140,UMLS:C0009319,UMLS:C0541798,0
1141,UMLS:C0009319,UMLS:C0030193,0
1142,UMLS:C0009319,UMLS:C0027497,0
1143,UMLS:C0009319,UMLS:C0085593,0
1144,UMLS:C0009319,UMLS:C0232726,0
1145,UMLS:C0009319,UMLS:C0150045,0
1146,UMLS:C0009319,UMLS:C0000737,0
1147,UMLS:C0009319,UMLS:C0578150,0
1148,UMLS:C1510475,UMLS:C1167754,0
1149,UMLS:C1510475,UMLS:C0009806,0
1150,UMLS:C1510475,UMLS:C0549483,0
1151,UMLS:C1510475,UMLS:C0744740,0
1152,UMLS:C1510475,UMLS:C0220870,0
1153,UMLS:C1510475,UMLS:C0011991,0
1154,UMLS:C1510475,UMLS:C0019080,0
1155,UMLS:C1510475,UMLS:C0030193,0
1156,UMLS:C1510475,UMLS:C0221151,0
1157,UMLS:C1510475,UMLS:C0232894,0
1158,UMLS:C1510475,UMLS:C1511606,0
1159,UMLS:C1510475,UMLS:C0003123,0
1160,UMLS:C1510475,UMLS:C0027497,0
1161,UMLS:C1510475,UMLS:C0424000,0
1162,UMLS:C1510475,UMLS:C0150041,0
1163,UMLS:C0038663,UMLS:C0233762,0
1164,UMLS:C0038663,UMLS:C0917801,0
1165,UMLS:C0038663,UMLS:C0438696,0
1166,UMLS:C0038663,UMLS:C0424230,0
1167,UMLS:C0038663,UMLS:C0424109,0
1168,UMLS:C0038663,UMLS:C0235198,0
1169,UMLS:C0038663,UMLS:C0234544,0
1170,UMLS:C0038663,UMLS:C0233481,0
1171,UMLS:C0038663,UMLS:C0015672,0
1172,UMLS:C0038663,UMLS:C0040822,0
1173,UMLS:C0038663,UMLS:C0740880,0
1174,UMLS:C0038663,UMLS:C0085631,0
1175,UMLS:C0038663,UMLS:C0241526,0
1176,UMLS:C0038663,UMLS:C0312422,0
1177,UMLS:C0038663,UMLS:C0424092,0
1178,UMLS:C0038663,UMLS:C1299586,0
1179,UMLS:C0038663,UMLS:C0022107,0
1180,UMLS:C0038663,UMLS:C0234215,0
1181,UMLS:C0038663,UMLS:C0013144,0
1182,UMLS:C0038663,UMLS:C0016579,0
1183,UMLS:C0038663,UMLS:C0041657,0
1184,UMLS:C0038663,UMLS:C0015967,0
1185,UMLS:C0038663,UMLS:C0010200,0
1186,UMLS:C0032305,UMLS:C0457096,0
1187,UMLS:C0032305,UMLS:C0006625,0
1188,UMLS:C0032305,UMLS:C0085593,0
1189,UMLS:C0032305,UMLS:C0043096,0
1190,UMLS:C0032305,UMLS:C0239134,0
1191,UMLS:C0032305,UMLS:C0231528,0
1192,UMLS:C0032305,UMLS:C0011991,0
1193,UMLS:C0032305,UMLS:C0151315,0
1194,UMLS:C0032305,UMLS:C0239133,0
1195,UMLS:C0032305,UMLS:C1384606,0
1196,UMLS:C0032305,UMLS:C0020621,0
1197,UMLS:C0032305,UMLS:C0231807,0
1198,UMLS:C0032305,UMLS:C0149758,0
1199,UMLS:C0032305,UMLS:C1096646,0
1200,UMLS:C0032305,UMLS:C0850149,0
1201,UMLS:C0032305,UMLS:C0018681,0
1202,UMLS:C0032305,UMLS:C0857516,0
1203,UMLS:C0032305,UMLS:C0233308,0
1204,UMLS:C0019163,UMLS:C0233467,0
1205,UMLS:C0019163,UMLS:C0231835,0
1206,UMLS:C0019163,UMLS:C0457096,0
1207,UMLS:C0019163,UMLS:C0221151,0
1208,UMLS:C0019163,UMLS:C0576456,0
1209,UMLS:C0019163,UMLS:C0000737,0
1210,UMLS:C0019163,UMLS:C0232498,0
1211,UMLS:C0019163,UMLS:C0558195,0
1212,UMLS:C0019163,UMLS:C0859032,0
1213,UMLS:C0030567,UMLS:C1321756,0
1214,UMLS:C0030567,UMLS:C0085639,0
1215,UMLS:C0030567,UMLS:C0427008,0
1216,UMLS:C0030567,UMLS:C0424092,0
1217,UMLS:C0030567,UMLS:C0085631,0
1218,UMLS:C0030567,UMLS:C0018991,0
1219,UMLS:C0030567,UMLS:C1299586,0
1220,UMLS:C0030567,UMLS:C0241526,0
1221,UMLS:C0030567,UMLS:C0039070,0
1222,UMLS:C0030567,UMLS:C0427055,0
1223,UMLS:C0030567,UMLS:C0149746,0
1224,UMLS:C0030567,UMLS:C0233481,0
1225,UMLS:C0030567,UMLS:C0013144,0
1226,UMLS:C0030567,UMLS:C0018965,0
1227,UMLS:C0030567,UMLS:C0040822,0
1228,UMLS:C0030567,UMLS:C0028081,0
1229,UMLS:C0030567,UMLS:C0577559,0
1230,UMLS:C0024299,UMLS:C0221198,0
1231,UMLS:C0024299,UMLS:C0015967,0
1232,UMLS:C0024299,UMLS:C0221232,0
1233,UMLS:C0024299,UMLS:C1096646,0
1234,UMLS:C0024299,UMLS:C0043096,0
1235,UMLS:C0024299,UMLS:C0004134,0
1236,UMLS:C0024299,UMLS:C0040264,0
1237,UMLS:C0024299,UMLS:C0020303,0
1238,UMLS:C0024299,UMLS:C0429562,0
1239,UMLS:C0024299,UMLS:C0019079,0
1240,UMLS:C0024299,UMLS:C0015672,0
1241,UMLS:C0024299,UMLS:C0085602,0
1242,UMLS:C0024299,UMLS:C0241705,0
1243,UMLS:C0020456,UMLS:C0234233,0
1244,UMLS:C0020456,UMLS:C0033774,0
1245,UMLS:C0020456,UMLS:C0235129,0
1246,UMLS:C0020456,UMLS:C0241157,0
1247,UMLS:C0020456,UMLS:C0332601,0
1248,UMLS:C0020456,UMLS:C0043096,0
1249,UMLS:C0020456,UMLS:C0344315,0
1250,UMLS:C0020456,UMLS:C0239301,0
1251,UMLS:C0020456,UMLS:C0043144,0
1252,UMLS:C0020456,UMLS:C0003962,0
1253,UMLS:C0020456,UMLS:C0036572,0
1254,UMLS:C0085584,UMLS:C0242143,0
1255,UMLS:C0085584,UMLS:C0232766,0
1256,UMLS:C0085584,UMLS:C0019080,0
1257,UMLS:C0085584,UMLS:C0013144,0
1258,UMLS:C0085584,UMLS:C0424530,0
1259,UMLS:C0085584,UMLS:C0872410,0
1260,UMLS:C0085584,UMLS:C0236018,0
1261,UMLS:C0085584,UMLS:C0270844,0
1262,UMLS:C0085584,UMLS:C0742985,0
1263,UMLS:C0085584,UMLS:C0239110,0
1264,UMLS:C0085584,UMLS:C0241526,0
1265,UMLS:C0085584,UMLS:C0205400,0
1266,UMLS:C0085584,UMLS:C0086439,0
1267,UMLS:C0040961,UMLS:C0392680,1
1268,UMLS:C0040961,UMLS:C0030193,0
1269,UMLS:C0040961,UMLS:C0042963,0
1270,UMLS:C0040961,UMLS:C0027497,0
1271,UMLS:C0040961,UMLS:C0428977,0
1272,UMLS:C0040961,UMLS:C0000737,0
1273,UMLS:C0040961,UMLS:C0015967,0
1274,UMLS:C0040961,UMLS:C0008767,0
1275,UMLS:C0040961,UMLS:C0264576,0
1276,UMLS:C0040961,UMLS:C0338656,0
1277,UMLS:C0002395,UMLS:C0013132,0
1278,UMLS:C0002395,UMLS:C0085631,0
1279,UMLS:C0002395,UMLS:C0028084,0
1280,UMLS:C0002395,UMLS:C0035508,0
1281,UMLS:C0002395,UMLS:C0239110,0
1282,UMLS:C0002395,UMLS:C0235231,0
1283,UMLS:C0002395,UMLS:C0425251,0
1284,UMLS:C0002395,UMLS:C0871754,0
1285,UMLS:C0002395,UMLS:C0234379,0
1286,UMLS:C0002395,UMLS:C0020461,0
1287,UMLS:C0002395,UMLS:C0427055,0
1288,UMLS:C0002395,UMLS:C0541992,0
1289,UMLS:C0002395,UMLS:C0231530,0
1290,UMLS:C0002395,UMLS:C0558195,0
1291,UMLS:C0002395,UMLS:C0040822,0
1292,UMLS:C0002395,UMLS:C0010200,0
1293,UMLS:C0002395,UMLS:C0015967,0
1294,UMLS:C0006840,UMLS:C0011991,0
1295,UMLS:C0006840,UMLS:C0242429,0
1296,UMLS:C0006840,UMLS:C0043096,0
1297,UMLS:C0006840,UMLS:C0085593,0
1298,UMLS:C0006840,UMLS:C0018681,0
1299,UMLS:C0006840,UMLS:C0232498,0
1300,UMLS:C0006840,UMLS:C0376405,0
1301,UMLS:C0006840,UMLS:C0085636,0
1302,UMLS:C0006840,UMLS:C0028081,0
1303,UMLS:C0006840,UMLS:C0221150,0
1304,UMLS:C0006840,UMLS:C0149758,0
1305,UMLS:C0006840,UMLS:C1096646,0
1306,UMLS:C0006840,UMLS:C0850149,0
1307,UMLS:C0006840,UMLS:C0559546,0
1308,UMLS:C0006840,UMLS:C1291077,0
1309,UMLS:C0442874,UMLS:C0004093,0
1310,UMLS:C0442874,UMLS:C0028643,0
1311,UMLS:C0442874,UMLS:C0027498,0
1312,UMLS:C0442874,UMLS:C0541798,0
1313,UMLS:C0442874,UMLS:C0020303,0
1314,UMLS:C0442874,UMLS:C0429562,0
1315,UMLS:C0442874,UMLS:C0231230,0
1316,UMLS:C0442874,UMLS:C0232726,0
1317,UMLS:C0442874,UMLS:C0030193,0
1318,UMLS:C0442874,UMLS:C0232854,0
1319,UMLS:C0022658,UMLS:C0392680,1
1320,UMLS:C0022658,UMLS:C0020461,0
1321,UMLS:C0022658,UMLS:C0008031,0
1322,UMLS:C0022658,UMLS:C0015967,0
1323,UMLS:C0022658,UMLS:C0232995,0
1324,UMLS:C0022658,UMLS:C0151706,0
1325,UMLS:C0023267,UMLS:C0233071,0
1326,UMLS:C0023267,UMLS:C0019080,0
1327,UMLS:C0023267,UMLS:C0156543,0
1328,UMLS:C0023267,UMLS:C0232943,0
1329,UMLS:C0023267,UMLS:C0026827,0
1330,UMLS:C0023267,UMLS:C0232997,0
1331,UMLS:C0023267,UMLS:C0392680,1
1332,UMLS:C0023267,UMLS:C0015967,0
1333,UMLS:C0023267,UMLS:C0018834,0
1334,UMLS:C0023267,UMLS:C0860096,0
1335,UMLS:C0023267,UMLS:C0702118,0
1336,UMLS:C0023267,UMLS:C1405524,0
1337,UMLS:C0017601,UMLS:C0085639,0
1338,UMLS:C0017601,UMLS:C0000731,0
1339,UMLS:C0017601,UMLS:C1273573,0
1340,UMLS:C0017601,UMLS:C0030554,0
1341,UMLS:C0017601,UMLS:C0020625,0
1342,UMLS:C0017601,UMLS:C0085631,0
1343,UMLS:C0017601,UMLS:C0041657,0
1344,UMLS:C0017601,UMLS:C0085624,0
1345,UMLS:C0017601,UMLS:C0221198,0
1346,UMLS:C0017601,UMLS:C0577559,0
1347,UMLS:C0027627,UMLS:C0205400,0
1348,UMLS:C0027627,UMLS:C1269955,0
1349,UMLS:C0027627,UMLS:C1513183,0
1350,UMLS:C0027627,UMLS:C0007859,0
1351,UMLS:C0027627,UMLS:C0034079,0
1352,UMLS:C0027627,UMLS:C0030193,0
1353,UMLS:C0027627,UMLS:C0000737,0
1354,UMLS:C0027627,UMLS:C0149696,0
1355,UMLS:C0027627,UMLS:C0577559,0
1356,UMLS:C0027627,UMLS:C0741302,0
1357,UMLS:C0007102,UMLS:C0221198,0
1358,UMLS:C0007102,UMLS:C0242453,0
1359,UMLS:C0007102,UMLS:C0009806,0
1360,UMLS:C0007102,UMLS:C0858924,0
1361,UMLS:C0007102,UMLS:C0011991,0
1362,UMLS:C0007102,UMLS:C0000737,0
1363,UMLS:C0007102,UMLS:C0152032,0
1364,UMLS:C0007102,UMLS:C0857087,0
1365,UMLS:C0007102,UMLS:C0278146,0
1366,UMLS:C0007102,UMLS:C0428977,0
1367,UMLS:C0007102,UMLS:C0042963,0
1368,UMLS:C0007102,UMLS:C0694547,0
1369,UMLS:C0007102,UMLS:C0027497,0
1370,UMLS:C0007102,UMLS:C0235250,0
1371,UMLS:C0007102,UMLS:C0085602,0
1372,UMLS:C0011880,UMLS:C0032617,0
1373,UMLS:C0011880,UMLS:C0042963,0
1374,UMLS:C0011880,UMLS:C0027497,0
1375,UMLS:C0011880,UMLS:C0000737,0
1376,UMLS:C0011880,UMLS:C0443260,0
1377,UMLS:C0011880,UMLS:C0235129,0
1378,UMLS:C0011880,UMLS:C0232517,0
1379,UMLS:C0011880,UMLS:C0027769,0
1380,UMLS:C0011880,UMLS:C0232498,0
1381,UMLS:C0011880,UMLS:C0232605,0
1382,UMLS:C0011880,UMLS:C0344232,0
1383,UMLS:C0011880,UMLS:C0152032,0
1384,UMLS:C0011880,UMLS:C0011991,0
1385,UMLS:C0011880,UMLS:C0036572,0
1386,UMLS:C0011880,UMLS:C0236018,0
1387,UMLS:C0014549,UMLS:C0013144,0
1388,UMLS:C0014549,UMLS:C0542073,0
1389,UMLS:C0014549,UMLS:C0027066,0
1390,UMLS:C0014549,UMLS:C0040822,0
1391,UMLS:C0014549,UMLS:C0751466,0
1392,UMLS:C0014549,UMLS:C0522336,0
1393,UMLS:C0014549,UMLS:C0234450,0
1394,UMLS:C0014549,UMLS:C0019572,0
1395,UMLS:C0014549,UMLS:C0554980,0
1396,UMLS:C0014549,UMLS:C0231530,0
1397,UMLS:C0014549,UMLS:C0241526,0
1398,UMLS:C0014549,UMLS:C0018681,0
1399,UMLS:C0014549,UMLS:C0002416,0
1400,UMLS:C0014549,UMLS:C0424530,0
1401,UMLS:C0014549,UMLS:C0037763,0
1402,UMLS:C0014549,UMLS:C0043096,0
1403,UMLS:C0014549,UMLS:C1269955,0
1404,UMLS:C0006826,UMLS:C0232118,0
1405,UMLS:C0006826,UMLS:C1291692,0
1406,UMLS:C0006826,UMLS:C0577559,0
1407,UMLS:C0006826,UMLS:C0221198,0
1408,UMLS:C0006826,UMLS:C0018834,0
1409,UMLS:C0006826,UMLS:C0028081,0
1410,UMLS:C0006826,UMLS:C0205400,0
1411,UMLS:C0006826,UMLS:C0085593,0
1412,UMLS:C0006826,UMLS:C0029053,0
1413,UMLS:C0006826,UMLS:C0000737,0
1414,UMLS:C0006826,UMLS:C0541911,0
1415,UMLS:C0006826,UMLS:C0149696,0
1416,UMLS:C0006826,UMLS:C0476273,0
1417,UMLS:C0006826,UMLS:C0020649,0
1418,UMLS:C1145670,UMLS:C0018991,0
1419,UMLS:C1145670,UMLS:C0037384,0
1420,UMLS:C1145670,UMLS:C0241526,0
1421,UMLS:C1145670,UMLS:C0239134,0
1422,UMLS:C1145670,UMLS:C0013404,0
1423,UMLS:C1145670,UMLS:C0231835,0
1424,UMLS:C1145670,UMLS:C0020461,0
1425,UMLS:C1145670,UMLS:C0086439,0
1426,UMLS:C1145670,UMLS:C0232201,0
1427,UMLS:C1145670,UMLS:C0427108,0
1428,UMLS:C1145670,UMLS:C0006318,0
1429,UMLS:C1145670,UMLS:C0239110,0
1430,UMLS:C1145670,UMLS:C0392680,1
1431,UMLS:C1145670,UMLS:C0221198,0
1432,UMLS:C1145670,UMLS:C0332575,0
1433,UMLS:C0025202,UMLS:C0577559,0
1434,UMLS:C0025202,UMLS:C0221166,0
1435,UMLS:C0025202,UMLS:C0015967,0
1436,UMLS:C0025202,UMLS:C0232995,0
1437,UMLS:C0025202,UMLS:C0030193,0
1438,UMLS:C0025202,UMLS:C0033774,0
1439,UMLS:C0025202,UMLS:C0024103,0
1440,UMLS:C0025202,UMLS:C0042963,0
1441,UMLS:C0025202,UMLS:C0011991,0
1442,UMLS:C0017160,UMLS:C0000737,0
1443,UMLS:C0017160,UMLS:C0476287,0
1444,UMLS:C0017160,UMLS:C0027497,0
1445,UMLS:C0017160,UMLS:C0043096,0
1446,UMLS:C0017160,UMLS:C0234233,0
1447,UMLS:C0017160,UMLS:C0240962,0
1448,UMLS:C0017160,UMLS:C0015967,0
1449,UMLS:C0017160,UMLS:C0231528,0
1450,UMLS:C0017160,UMLS:C0020625,0
1451,UMLS:C0017160,UMLS:C0232602,0
1452,UMLS:C0017160,UMLS:C0577559,0
1453,UMLS:C0017160,UMLS:C0043096,0
1454,UMLS:C0242379,UMLS:C0221198,0
1455,UMLS:C0242379,UMLS:C0010200,0
1456,UMLS:C0242379,UMLS:C0034079,0
1457,UMLS:C0242379,UMLS:C0392680,1
1458,UMLS:C0242379,UMLS:C0019079,0
1459,UMLS:C0242379,UMLS:C0742985,0
1460,UMLS:C0242379,UMLS:C0232517,0
1461,UMLS:C0242379,UMLS:C0234238,0
1462,UMLS:C0242379,UMLS:C0034642,0
1463,UMLS:C0242379,UMLS:C0028081,0
1464,UMLS:C0242379,UMLS:C0029053,0
1465,UMLS:C0242379,UMLS:C0004093,0
1466,UMLS:C0242379,UMLS:C1513183,0
1467,UMLS:C0242379,UMLS:C0085631,0
1468,UMLS:C0242379,UMLS:C0022107,0
1469,UMLS:C0024713,UMLS:C0455769,0
1470,UMLS:C0024713,UMLS:C0438696,0
1471,UMLS:C0024713,UMLS:C0917799,0
1472,UMLS:C0024713,UMLS:C0424000,0
1473,UMLS:C0024713,UMLS:C0948786,0
1474,UMLS:C0024713,UMLS:C0233762,0
1475,UMLS:C0024713,UMLS:C0233763,0
1476,UMLS:C0024713,UMLS:C0233492,0
1477,UMLS:C0024713,UMLS:C0424068,0
1478,UMLS:C0024713,UMLS:C0150041,0
1479,UMLS:C0024713,UMLS:C1299586,0
1480,UMLS:C0024713,UMLS:C0231187,0
1481,UMLS:C0024713,UMLS:C0558089,0
1482,UMLS:C0024713,UMLS:C0438696,0
1483,UMLS:C0024713,UMLS:C0424000,0
1484,UMLS:C0031212,UMLS:C0028084,0
1485,UMLS:C0031212,UMLS:C0150041,0
1486,UMLS:C0031212,UMLS:C0558141,0
1487,UMLS:C0031212,UMLS:C0233762,0
1488,UMLS:C0031212,UMLS:C0022107,0
1489,UMLS:C0031212,UMLS:C0917801,0
1490,UMLS:C0031212,UMLS:C0085631,0
1491,UMLS:C0031212,UMLS:C0424109,0
1492,UMLS:C0031212,UMLS:C0344315,0
1493,UMLS:C0031212,UMLS:C1384489,0
1494,UMLS:C0031212,UMLS:C0027498,0
1495,UMLS:C0031212,UMLS:C0277794,0
1496,UMLS:C0031212,UMLS:C0748706,0
1497,UMLS:C0031212,UMLS:C0233481,0
1498,UMLS:C0031212,UMLS:C0014394,0
1499,UMLS:C0031212,UMLS:C0237154,0
1500,UMLS:C0031212,UMLS:C0027769,0
1501,UMLS:C0031212,UMLS:C0003962,0
1502,UMLS:C0031212,UMLS:C0033774,0
1503,UMLS:C0019204,UMLS:C0577559,0
1504,UMLS:C0019204,UMLS:C0038002,0
1505,UMLS:C0019204,UMLS:C0221198,0
1506,UMLS:C0019204,UMLS:C0030552,0
1507,UMLS:C0019204,UMLS:C1269955,0
1508,UMLS:C0019204,UMLS:C0848277,0
1509,UMLS:C0019204,UMLS:C0019080,0
1510,UMLS:C0019204,UMLS:C0205400,0
1511,UMLS:C0019204,UMLS:C0085632,0
1512,UMLS:C0019204,UMLS:C0006625,0
1513,UMLS:C0019204,UMLS:C0020672,0
1514,UMLS:C0019204,UMLS:C0000737,0
1515,UMLS:C0019204,UMLS:C0019209,0
1516,UMLS:C0019204,UMLS:C0744727,0
1517,UMLS:C0019204,UMLS:C0085628,0
1518,UMLS:C0019204,UMLS:C0043096,0
1519,UMLS:C0019204,UMLS:C0392680,1
1520,UMLS:C0019204,UMLS:C0010200,0
1521,UMLS:C0034067,UMLS:C0474395,0
1522,UMLS:C0034067,UMLS:C0241158,0
1523,UMLS:C0034067,UMLS:C0231807,0
1524,UMLS:C0034067,UMLS:C0520966,0
1525,UMLS:C0034067,UMLS:C0231528,0
1526,UMLS:C0034067,UMLS:C0020440,0
1527,UMLS:C0034067,UMLS:C0392162,0
1528,UMLS:C0034067,UMLS:C0557075,0
1529,UMLS:C0034067,UMLS:C0848277,0
1530,UMLS:C0034067,UMLS:C0859032,0
1531,UMLS:C0034067,UMLS:C0028081,0
1532,UMLS:C0034067,UMLS:C0006625,0
1533,UMLS:C0034067,UMLS:C0436331,0
1534,UMLS:C0034067,UMLS:C0013404,0
1535,UMLS:C0034067,UMLS:C0034642,0
1536,UMLS:C0034067,UMLS:C0016382,0
1537,UMLS:C0034067,UMLS:C0221150,0
1538,UMLS:C0034067,UMLS:C0003862,0
1539,UMLS:C0034067,UMLS:C0008301,0
1540,UMLS:C0034067,UMLS:C0232726,0
1541,UMLS:C0034067,UMLS:C0009806,0
1542,UMLS:C0019112,UMLS:C0019080,0
1543,UMLS:C0019112,UMLS:C0232695,0
1544,UMLS:C0019112,UMLS:C0278014,0
1545,UMLS:C0019112,UMLS:C0027498,0
1546,UMLS:C0019112,UMLS:C0020175,0
1547,UMLS:C0019112,UMLS:C0011991,0
1548,UMLS:C0019112,UMLS:C0012833,0
1549,UMLS:C0019112,UMLS:C0020625,0
1550,UMLS:C0019112,UMLS:C0009024,0
1551,UMLS:C0019112,UMLS:C0030193,0
1552,UMLS:C0019112,UMLS:C1321756,0
1553,UMLS:C0019112,UMLS:C0085624,0
1554,UMLS:C0019112,UMLS:C0744492,0
1555,UMLS:C0019112,UMLS:C0239832,0
1556,UMLS:C0019112,UMLS:C0043144,0
1557,UMLS:C0019112,UMLS:C0010200,0
1558,UMLS:C0006266,UMLS:C0392680,1
1559,UMLS:C0006266,UMLS:C0241158,0
1560,UMLS:C0006266,UMLS:C0277797,1
1561,UMLS:C0006266,UMLS:C0262581,0
1562,UMLS:C0006266,UMLS:C0030193,0
1563,UMLS:C0006266,UMLS:C0239134,0
1564,UMLS:C0006266,UMLS:C0242429,0
1565,UMLS:C0006266,UMLS:C0013404,0
1566,UMLS:C0006266,UMLS:C0232292,0
1567,UMLS:C0006266,UMLS:C0700292,0
1568,UMLS:C0006266,UMLS:C0231835,0
1569,UMLS:C0006266,UMLS:C0234215,0
1570,UMLS:C0006266,UMLS:C0015967,0
1571,UMLS:C0006266,UMLS:C0042963,0
1572,UMLS:C0006266,UMLS:C0035508,0
1573,UMLS:C0006266,UMLS:C0018991,0
1574,UMLS:C0006266,UMLS:C0231890,0
1575,UMLS:C0003537,UMLS:C0009024,0
1576,UMLS:C0003537,UMLS:C0231872,0
1577,UMLS:C0003537,UMLS:C0427055,0
1578,UMLS:C0003537,UMLS:C0221470,0
1579,UMLS:C0003537,UMLS:C0231530,0
1580,UMLS:C0003537,UMLS:C0522224,0
1581,UMLS:C0003537,UMLS:C0024031,0
1582,UMLS:C0003537,UMLS:C0277823,0
1583,UMLS:C0028756,UMLS:C0848168,0
1584,UMLS:C0028756,UMLS:C0205254,0
1585,UMLS:C0028756,UMLS:C0002962,0
1586,UMLS:C0028756,UMLS:C0010200,0
1587,UMLS:C0028756,UMLS:C0847488,0
1588,UMLS:C0028756,UMLS:C0553668,0
1589,UMLS:C0028756,UMLS:C0020672,0
1590,UMLS:C0028756,UMLS:C0013404,0
1591,UMLS:C0028756,UMLS:C0744727,0
1592,UMLS:C0028756,UMLS:C0043144,0
1593,UMLS:C0028756,UMLS:C0700292,0
1594,UMLS:C0028756,UMLS:C0235634,0
1595,UMLS:C0028756,UMLS:C0424749,0
1596,UMLS:C0034186,UMLS:C0015967,0
1597,UMLS:C0034186,UMLS:C0030193,0
1598,UMLS:C0034186,UMLS:C0085606,0
1599,UMLS:C0034186,UMLS:C0018965,0
1600,UMLS:C0034186,UMLS:C0042963,0
1601,UMLS:C0034186,UMLS:C0085593,0
1602,UMLS:C0034186,UMLS:C0011991,0
1603,UMLS:C0034186,UMLS:C0027497,0
1604,UMLS:C0034186,UMLS:C0000737,0
1605,UMLS:C0034186,UMLS:C0231528,0
1606,UMLS:C0034186,UMLS:C0015967,0
1607,UMLS:C0034186,UMLS:C0085593,0
1608,UMLS:C0014118,UMLS:C0008033,0
1609,UMLS:C0014118,UMLS:C0205400,0
1610,UMLS:C0014118,UMLS:C0231528,0
1611,UMLS:C0014118,UMLS:C0277797,1
1612,UMLS:C0014118,UMLS:C0028081,0
1613,UMLS:C0014118,UMLS:C1517205,0
1614,UMLS:C0014118,UMLS:C0392680,1
1615,UMLS:C0014118,UMLS:C0085619,0
1616,UMLS:C0014118,UMLS:C0549483,0
1617,UMLS:C0014118,UMLS:C0020649,0
1618,UMLS:C0014118,UMLS:C0010200,0
1619,UMLS:C0014118,UMLS:C1513183,0
1620,UMLS:C0014118,UMLS:C0238844,0
1621,UMLS:C0014118,UMLS:C0043096,0
1622,UMLS:C0014118,,0
1623,UMLS:C0014118,UMLS:C0232118,0
1624,UMLS:C0014118,UMLS:C0086439,0
1625,UMLS:C0031039,UMLS:C0232267,0
1626,UMLS:C0031039,UMLS:C0013404,0
1627,UMLS:C0031039,UMLS:C0392680,1
1628,UMLS:C0031039,UMLS:C0578150,0
1629,UMLS:C0031039,UMLS:C0018800,0
1630,UMLS:C0031039,UMLS:C0020649,0
1631,UMLS:C0031039,UMLS:C0241235,0
1632,UMLS:C0031039,UMLS:C0427055,0
1633,UMLS:C0031039,UMLS:C0030193,0
1634,UMLS:C0031039,UMLS:C0028961,0
1635,UMLS:C0031039,UMLS:C0312422,0
1636,UMLS:C0031039,UMLS:C0728899,0
1637,UMLS:C0001973,UMLS:C0040822,0
1638,UMLS:C0001973,UMLS:C0233762,0
1639,UMLS:C0001973,UMLS:C0438696,0
1640,UMLS:C0001973,UMLS:C0424337,0
1641,UMLS:C0001973,UMLS:C0022107,0
1642,UMLS:C0001973,UMLS:C0150041,0
1643,UMLS:C0001973,UMLS:C0424000,0
1644,UMLS:C0001973,UMLS:C0233647,0
1645,UMLS:C0001973,UMLS:C0036572,0
1646,UMLS:C0001973,UMLS:C0237154,0
1647,UMLS:C0001973,UMLS:C0917801,0
1648,UMLS:C0001973,UMLS:C0041657,0
1649,UMLS:C0001973,UMLS:C0030318,0
1650,UMLS:C0001973,UMLS:C0238844,0
1651,UMLS:C0001973,UMLS:C0392680,1
1652,UMLS:C0032326,UMLS:C0013404,0
1653,UMLS:C0032326,UMLS:C0425560,0
1654,UMLS:C0032326,UMLS:C0019079,0
1655,UMLS:C0032326,UMLS:C0010200,0
1656,UMLS:C0032326,UMLS:C0020440,0
1657,UMLS:C0032326,UMLS:C0037580,0
1658,UMLS:C0032326,UMLS:C0242453,0
1659,UMLS:C0032326,UMLS:C0085631,0
1660,UMLS:C0011206,UMLS:C1273573,0
1661,UMLS:C0011206,UMLS:C0424092,0
1662,UMLS:C0011206,UMLS:C0020625,0
1663,UMLS:C0011206,UMLS:C0558089,0
1664,UMLS:C0011206,UMLS:C0424000,0
1665,UMLS:C0011206,UMLS:C0241526,0
1666,UMLS:C0011206,UMLS:C0233481,0
1667,UMLS:C0011206,UMLS:C0013144,0
1668,UMLS:C0011206,UMLS:C0233762,0
1669,UMLS:C0011206,UMLS:C0438696,0
1670,UMLS:C0011206,UMLS:C0015967,0
1671,UMLS:C0011206,UMLS:C0011991,0
1672,UMLS:C0027947,UMLS:C1096646,0
1673,UMLS:C0027947,UMLS:C0038002,0
1674,UMLS:C0027947,UMLS:C0028081,0
1675,UMLS:C0027947,UMLS:C0277797,1
1676,UMLS:C0027947,UMLS:C0221198,0
1677,UMLS:C0027947,UMLS:C1260880,0
1678,UMLS:C0027947,UMLS:C0085593,0
1679,UMLS:C0027947,UMLS:C0010200,0
1680,UMLS:C0027947,UMLS:C0746619,0
1681,UMLS:C0027947,UMLS:C0020598,0
1682,UMLS:C0027947,UMLS:C0028961,0
1683,UMLS:C0027947,UMLS:C0427629,0
1684,UMLS:C0027947,UMLS:C0476273,0
1685,UMLS:C0020433,UMLS:C0010520,0
1686,UMLS:C0020433,UMLS:C0231835,0
1687,UMLS:C0020433,UMLS:C0233070,0
1688,UMLS:C0020433,UMLS:C0428977,0
1689,UMLS:C0020433,UMLS:C0006157,0
1690,UMLS:C0020433,UMLS:C0332601,0
1691,UMLS:C0020433,UMLS:C0010200,0
1692,UMLS:C0020433,UMLS:C0231528,0
1693,UMLS:C0021400,UMLS:C0242143,0
1694,UMLS:C0021400,UMLS:C0015967,0
1695,UMLS:C0021400,UMLS:C0008033,0
1696,UMLS:C0021400,UMLS:C1260880,0
1697,UMLS:C0021400,UMLS:C0242429,0
1698,UMLS:C0021400,UMLS:C0231218,0
1699,UMLS:C0021400,UMLS:C0742985,0
1700,UMLS:C0021400,UMLS:C0436331,0
1701,UMLS:C0021400,UMLS:C0085593,0
1702,UMLS:C0021400,UMLS:C0240962,0
1703,UMLS:C0021400,UMLS:C0277873,0
1704,UMLS:C0021400,UMLS:C0013428,0
1705,UMLS:C0021400,UMLS:C0542073,0
1706,UMLS:C0021400,UMLS:C0018681,0
1707,UMLS:C0021400,UMLS:C0037383,0
1708,UMLS:C0021400,UMLS:C0037384,0
1709,UMLS:C0021400,UMLS:C0457097,0
1710,UMLS:C0021400,UMLS:C0392680,1
1711,UMLS:C0021400,UMLS:C0476273,0
1712,UMLS:C0021400,UMLS:C0312422,0
1713,UMLS:C0021400,UMLS:C0277794,0
1714,UMLS:C0439857,UMLS:C0728899,0
1715,UMLS:C0439857,UMLS:C0040822,0
1716,UMLS:C0439857,UMLS:C0085631,0
1717,UMLS:C0439857,UMLS:C0438696,0
1718,UMLS:C0439857,UMLS:C0237154,0
1719,UMLS:C0439857,UMLS:C0242453,0
1720,UMLS:C0439857,UMLS:C0023380,0
1721,UMLS:C0439857,UMLS:C0036572,0
1722,UMLS:C0439857,UMLS:C0231530,0
1723,UMLS:C0439857,UMLS:C0848340,0
1724,UMLS:C0439857,UMLS:C0150041,0
1725,UMLS:C0439857,UMLS:C0581911,0
1726,UMLS:C0439857,UMLS:C0034642,0
1727,UMLS:C0087086,UMLS:C0086439,0
1728,UMLS:C0087086,UMLS:C0003123,0
1729,UMLS:C0087086,UMLS:C0235396,0
1730,UMLS:C0087086,UMLS:C0392680,1
1731,UMLS:C0087086,UMLS:C0239981,0
1732,UMLS:C0087086,UMLS:C0033774,0
1733,UMLS:C0087086,UMLS:C0234233,0
1734,UMLS:C0087086,UMLS:C0578150,0
1735,UMLS:C0087086,UMLS:C0427055,0
1736,UMLS:C0087086,UMLS:C0042963,0
1737,UMLS:C0087086,UMLS:C0241252,0
1738,UMLS:C0008325,UMLS:C0859032,0
1739,UMLS:C0008325,UMLS:C0027497,0
1740,UMLS:C0008325,UMLS:C0000737,0
1741,UMLS:C0008325,UMLS:C0277977,0
1742,UMLS:C0008325,UMLS:C0016204,0
1743,UMLS:C0008325,UMLS:C0232488,0
1744,UMLS:C0008325,UMLS:C0030193,0
1745,UMLS:C0008325,UMLS:C0003962,0
1746,UMLS:C0008325,UMLS:C0011991,0
1747,UMLS:C0008325,UMLS:C0151878,0
1748,UMLS:C0008325,UMLS:C0425560,0
1749,UMLS:C0008325,UMLS:C0541992,0
1750,UMLS:C0008325,UMLS:C0232201,0
1751,UMLS:C0008325,UMLS:C0425449,0
1752,UMLS:C0008325,UMLS:C0009806,0
1753,UMLS:C0008325,UMLS:C0474505,0
1754,UMLS:C0008325,UMLS:C0702118,0
1755,UMLS:C0019291,UMLS:C0000737,0
1756,UMLS:C0019291,UMLS:C0231230,0
1757,UMLS:C0019291,UMLS:C0240805,0
1758,UMLS:C0019291,UMLS:C0042963,0
1759,UMLS:C0019291,UMLS:C0027497,0
1760,UMLS:C0019291,UMLS:C0231528,0
1761,UMLS:C0019291,UMLS:C0020625,0
1762,UMLS:C0019291,UMLS:C0234233,0
1763,UMLS:C0019291,UMLS:C0858924,0
1764,UMLS:C0019291,UMLS:C0231807,0
1765,UMLS:C0019291,UMLS:C0232766,0
1766,UMLS:C0019291,UMLS:C0744492,0
1767,UMLS:C0019291,UMLS:C0239832,0
1768,UMLS:C0019291,UMLS:C0018681,0
1769,UMLS:C0019291,UMLS:C0085636,0
1770,UMLS:C0149931,UMLS:C0002416,0
1771,UMLS:C0149931,UMLS:C0042963,0
1772,UMLS:C0149931,UMLS:C0012833,0
1773,UMLS:C0149931,UMLS:C0028643,0
1774,UMLS:C0149931,UMLS:C0027497,0
1775,UMLS:C0149931,UMLS:C0015967,0
1776,UMLS:C0149931,UMLS:C0038002,0
1777,UMLS:C0030312,UMLS:C0020639,0
1778,UMLS:C0030312,UMLS:C0015672,0
1779,UMLS:C0030312,UMLS:C0019080,0
1780,UMLS:C0030312,UMLS:C0231230,0
1781,UMLS:C0030312,UMLS:C0332601,0
1782,UMLS:C0030312,UMLS:C0241252,0
1783,UMLS:C0030312,UMLS:C0232488,0
1784,UMLS:C0008350,UMLS:C0042963,0
1785,UMLS:C0008350,UMLS:C0027497,0
1786,UMLS:C0008350,UMLS:C0000737,0
1787,UMLS:C0008350,UMLS:C0030193,0
1788,UMLS:C0008350,UMLS:C0332601,0
1789,UMLS:C0008350,UMLS:C0003962,0
1790,UMLS:C0008350,UMLS:C0205400,0
1791,UMLS:C0008350,UMLS:C0234233,0
1792,UMLS:C0008350,UMLS:C0011991,0
1793,UMLS:C0008350,UMLS:C0277797,1
1794,UMLS:C0008350,UMLS:C0030252,0
1795,UMLS:C0039239,UMLS:C0238705,0
1796,UMLS:C0039239,UMLS:C0038990,0
1797,UMLS:C0039239,UMLS:C0556346,0
1798,UMLS:C0039239,UMLS:C0438716,0
1799,UMLS:C0039239,UMLS:C0241158,0
1800,UMLS:C0039239,UMLS:C0425560,0
1801,UMLS:C0039239,UMLS:C0149746,0
1802,UMLS:C0039239,UMLS:C0392680,1
1803,UMLS:C0039239,UMLS:C0520888,0
1804,UMLS:C0039239,UMLS:C0042963,0
1805,UMLS:C0039239,UMLS:C0000737,0
1806,UMLS:C1258215,UMLS:C0549483,0
1807,UMLS:C1258215,UMLS:C0000727,0
1808,UMLS:C1258215,UMLS:C0740844,0
1809,UMLS:C1258215,UMLS:C0425491,0
1810,UMLS:C1258215,UMLS:C0232498,0
1811,UMLS:C1258215,UMLS:C0027497,0
1812,UMLS:C1258215,UMLS:C0234233,0
1813,UMLS:C1258215,UMLS:C0016204,0
1814,UMLS:C1258215,UMLS:C0011991,0
1815,UMLS:C1258215,UMLS:C0577559,0
1816,UMLS:C1258215,UMLS:C0277797,1
1817,UMLS:C1258215,UMLS:C0009806,0
1818,UMLS:C1258215,UMLS:C0205400,0
1819,UMLS:C1258215,UMLS:C0232995,0
1820,UMLS:C1258215,UMLS:C0000737,0
1821,UMLS:C0001511,UMLS:C0016204,0
1822,UMLS:C0001511,UMLS:C0030193,0
1823,UMLS:C0001511,UMLS:C0456091,0
1824,UMLS:C0001511,UMLS:C0233070,0
1825,UMLS:C0001511,UMLS:C0042963,0
1826,UMLS:C0001511,UMLS:C0034079,0
1827,UMLS:C0001511,UMLS:C0006157,0
1828,UMLS:C0001511,UMLS:C0392680,1
1829,UMLS:C0001511,UMLS:C0043096,0
1830,UMLS:C0001511,UMLS:C0231441,0
1831,UMLS:C0001511,UMLS:C1273573,0
1832,UMLS:C0001511,UMLS:C0233763,0
1833,UMLS:C0001511,UMLS:C0424000,0
1834,UMLS:C0011253,UMLS:C0240233,0
1835,UMLS:C0011253,UMLS:C0392701,0
1836,UMLS:C0011253,UMLS:C0150041,0
1837,UMLS:C0011253,UMLS:C0085631,0
1838,UMLS:C0011253,UMLS:C0233762,0
1839,UMLS:C0011253,UMLS:C0022107,0
1840,UMLS:C0011253,UMLS:C0917801,0
1841,UMLS:C0011253,UMLS:C0233647,0
1842,UMLS:C0011253,UMLS:C0455204,0
1843,UMLS:C0011253,UMLS:C0578859,0
1844,UMLS:C0011253,UMLS:C0233481,0
1845,UMLS:C0011253,UMLS:C0231187,0
1846,UMLS:C0011253,UMLS:C0558089,0
1847,UMLS:C0011253,UMLS:C0007398,0
1848,UMLS:C0011253,UMLS:C0438696,0
1849,UMLS:C0011253,UMLS:C0558261,0
1850,UMLS:C0011253,UMLS:C0312422,0
1851,UMLS:C0011253,UMLS:C0424109,0
1852,UMLS:C0011253,UMLS:C0338656,0
1853,UMLS:C0011253,UMLS:C0022107,0
1854,UMLS:C0011253,UMLS:C0085631,0
1855,UMLS:C0233472,UMLS:C0277794,0
1856,UMLS:C0233472,UMLS:C0917801,0
1857,UMLS:C0233472,UMLS:C0014394,0
1858,UMLS:C0233472,UMLS:C0376405,0
1859,UMLS:C0233472,UMLS:C0150041,0
1860,UMLS:C0233472,UMLS:C0233763,0
1861,UMLS:C0233472,UMLS:C0425251,0
1862,UMLS:C0233472,UMLS:C0242453,0
1863,UMLS:C0011127,UMLS:C0232257,0
1864,UMLS:C0011127,UMLS:C0871754,0
1865,UMLS:C0011127,UMLS:C0015967,0
1866,UMLS:C0011127,,0
